"Ticker","Date","MACD_Buy","EMA20_SMA50_Buy","EMA20_SMA20_Buy","SMA20_SMA50_Buy","RSI_Buy"
"AAN",2024-06-18,TRUE,TRUE,TRUE,TRUE,FALSE
"AAPL",2024-06-18,TRUE,TRUE,TRUE,TRUE,FALSE
"ABM",2024-06-18,TRUE,TRUE,TRUE,TRUE,FALSE
"ABR",2024-06-18,TRUE,TRUE,TRUE,TRUE,FALSE
"ACIW",2024-06-18,TRUE,TRUE,TRUE,TRUE,FALSE
"ACLS",2024-06-18,TRUE,TRUE,TRUE,TRUE,FALSE
"ACP",2024-06-18,TRUE,TRUE,TRUE,TRUE,FALSE
"ACRE",2024-06-18,TRUE,TRUE,TRUE,TRUE,FALSE
"ADX",2024-06-18,TRUE,TRUE,TRUE,TRUE,FALSE
"AEHR",2024-06-18,TRUE,TRUE,TRUE,TRUE,FALSE
"AENT",2024-06-18,TRUE,TRUE,TRUE,TRUE,FALSE
"AFB",2024-06-18,TRUE,TRUE,TRUE,TRUE,FALSE
"AFBI",2024-06-18,TRUE,TRUE,TRUE,TRUE,FALSE
"AFCG",2024-06-18,TRUE,TRUE,TRUE,TRUE,FALSE
"AFMD",2024-06-18,TRUE,TRUE,TRUE,TRUE,FALSE
"AGX",2024-06-18,TRUE,TRUE,TRUE,TRUE,FALSE
"AHCO",2024-06-18,TRUE,TRUE,TRUE,TRUE,FALSE
"AIF",2024-06-18,TRUE,TRUE,TRUE,TRUE,FALSE
"AIHS",2024-06-18,TRUE,TRUE,TRUE,TRUE,FALSE
"AIO",2024-06-18,TRUE,TRUE,TRUE,TRUE,FALSE
"AIRG",2024-06-18,TRUE,TRUE,TRUE,TRUE,FALSE
"AJG",2024-06-18,TRUE,TRUE,TRUE,TRUE,FALSE
"AKRO",2024-06-18,TRUE,TRUE,TRUE,TRUE,FALSE
"AKTX",2024-06-18,TRUE,TRUE,TRUE,TRUE,FALSE
"ALNY",2024-06-18,TRUE,TRUE,TRUE,TRUE,FALSE
"ALTI",2024-06-18,TRUE,TRUE,TRUE,TRUE,FALSE
"ALTR",2024-06-18,TRUE,TRUE,TRUE,TRUE,FALSE
"AMAT",2024-06-18,TRUE,TRUE,TRUE,TRUE,FALSE
"AMKR",2024-06-18,TRUE,TRUE,TRUE,TRUE,FALSE
"AMPS",2024-06-18,TRUE,TRUE,TRUE,TRUE,FALSE
"AMSC",2024-06-18,TRUE,TRUE,TRUE,TRUE,FALSE
"ANET",2024-06-18,TRUE,TRUE,TRUE,TRUE,FALSE
"AOD",2024-06-18,TRUE,TRUE,TRUE,TRUE,FALSE
"AOGO",2024-06-18,TRUE,TRUE,TRUE,TRUE,FALSE
"APWC",2024-06-18,TRUE,TRUE,TRUE,TRUE,FALSE
"ARDC",2024-06-18,TRUE,TRUE,TRUE,TRUE,FALSE
"ARGD",2024-06-18,TRUE,TRUE,TRUE,TRUE,FALSE
"ARMK",2024-06-18,TRUE,TRUE,TRUE,TRUE,FALSE
"ARWR",2024-06-18,TRUE,TRUE,TRUE,TRUE,FALSE
"ARYD",2024-06-18,TRUE,TRUE,TRUE,TRUE,FALSE
"ASML",2024-06-18,TRUE,TRUE,TRUE,TRUE,FALSE
"ASNS",2024-06-18,TRUE,TRUE,TRUE,TRUE,FALSE
"ASRT",2024-06-18,TRUE,TRUE,TRUE,TRUE,FALSE
"ASUR",2024-06-18,TRUE,TRUE,TRUE,TRUE,FALSE
"ASX",2024-06-18,TRUE,TRUE,TRUE,TRUE,FALSE
"ASXC",2024-06-18,TRUE,TRUE,TRUE,TRUE,FALSE
"ATEK",2024-06-18,TRUE,TRUE,TRUE,TRUE,FALSE
"AUID",2024-06-18,TRUE,TRUE,TRUE,TRUE,FALSE
"AUPH",2024-06-18,TRUE,TRUE,TRUE,TRUE,FALSE
"AVB",2024-06-18,TRUE,TRUE,TRUE,TRUE,FALSE
"AVGO",2024-06-18,TRUE,TRUE,TRUE,TRUE,FALSE
"AWP",2024-06-18,TRUE,TRUE,TRUE,TRUE,FALSE
"AXGN",2024-06-18,TRUE,TRUE,TRUE,TRUE,FALSE
"AXTI",2024-06-18,TRUE,TRUE,TRUE,TRUE,FALSE
"BANFP",2024-06-18,TRUE,TRUE,TRUE,TRUE,FALSE
"BANR",2024-06-18,TRUE,TRUE,TRUE,TRUE,FALSE
"BARK",2024-06-18,TRUE,TRUE,TRUE,TRUE,FALSE
"BBN",2024-06-18,TRUE,TRUE,TRUE,TRUE,FALSE
"BBSI",2024-06-18,TRUE,TRUE,TRUE,TRUE,FALSE
"BBY",2024-06-18,TRUE,TRUE,TRUE,TRUE,FALSE
"BCOW",2024-06-18,TRUE,TRUE,TRUE,TRUE,FALSE
"BDSX",2024-06-18,TRUE,TRUE,TRUE,TRUE,FALSE
"BECN",2024-06-18,TRUE,TRUE,TRUE,TRUE,FALSE
"BEPH",2024-06-18,TRUE,TRUE,TRUE,TRUE,FALSE
"BEST",2024-06-18,TRUE,TRUE,TRUE,TRUE,FALSE
"BFK",2024-06-18,TRUE,TRUE,TRUE,TRUE,FALSE
"BFS",2024-06-18,TRUE,TRUE,TRUE,TRUE,FALSE
"BFZ",2024-06-18,TRUE,TRUE,TRUE,TRUE,FALSE
"BGB",2024-06-18,TRUE,TRUE,TRUE,TRUE,FALSE
"BGH",2024-06-18,TRUE,TRUE,TRUE,TRUE,FALSE
"BGNE",2024-06-18,TRUE,TRUE,TRUE,TRUE,FALSE
"BHAC",2024-06-18,TRUE,TRUE,TRUE,TRUE,FALSE
"BHK",2024-06-18,TRUE,TRUE,TRUE,TRUE,FALSE
"BHV",2024-06-18,TRUE,TRUE,TRUE,TRUE,FALSE
"BILI",2024-06-18,TRUE,TRUE,TRUE,TRUE,FALSE
"BIMI",2024-06-18,TRUE,TRUE,TRUE,TRUE,FALSE
"BITF",2024-06-18,TRUE,TRUE,TRUE,TRUE,FALSE
"BKNG",2024-06-18,TRUE,TRUE,TRUE,TRUE,FALSE
"BKT",2024-06-18,TRUE,TRUE,TRUE,TRUE,FALSE
"BLAC",2024-06-18,TRUE,TRUE,TRUE,TRUE,FALSE
"BLD",2024-06-18,TRUE,TRUE,TRUE,TRUE,FALSE
"BLE",2024-06-18,TRUE,TRUE,TRUE,TRUE,FALSE
"BLK",2024-06-18,TRUE,TRUE,TRUE,TRUE,FALSE
"BNAI",2024-06-18,TRUE,TRUE,TRUE,TRUE,FALSE
"BNL",2024-06-18,TRUE,TRUE,TRUE,TRUE,FALSE
"BNY",2024-06-18,TRUE,TRUE,TRUE,TRUE,FALSE
"BOCNU",2024-06-18,TRUE,TRUE,TRUE,TRUE,FALSE
"BOOT",2024-06-18,TRUE,TRUE,TRUE,TRUE,FALSE
"BOSC",2024-06-18,TRUE,TRUE,TRUE,TRUE,FALSE
"BOWL",2024-06-18,TRUE,TRUE,TRUE,TRUE,FALSE
"BRAC",2024-06-18,TRUE,TRUE,TRUE,TRUE,FALSE
"BRACU",2024-06-18,TRUE,TRUE,TRUE,TRUE,FALSE
"BRFH",2024-06-18,TRUE,TRUE,TRUE,TRUE,FALSE
"BRTX",2024-06-18,TRUE,TRUE,TRUE,TRUE,FALSE
"BST",2024-06-18,TRUE,TRUE,TRUE,TRUE,FALSE
"BTA",2024-06-18,TRUE,TRUE,TRUE,TRUE,FALSE
"BTCM",2024-06-18,TRUE,TRUE,TRUE,TRUE,FALSE
"BTDR",2024-06-18,TRUE,TRUE,TRUE,TRUE,FALSE
"BTOG",2024-06-18,TRUE,TRUE,TRUE,TRUE,FALSE
"BW",2024-06-18,TRUE,TRUE,TRUE,TRUE,FALSE
"BYFC",2024-06-18,TRUE,TRUE,TRUE,TRUE,FALSE
"BYM",2024-06-18,TRUE,TRUE,TRUE,TRUE,FALSE
"BZH",2024-06-18,TRUE,TRUE,TRUE,TRUE,FALSE
"CAKE",2024-06-18,TRUE,TRUE,TRUE,TRUE,FALSE
"CAN",2024-06-18,TRUE,TRUE,TRUE,TRUE,FALSE
"CANF",2024-06-18,TRUE,TRUE,TRUE,TRUE,FALSE
"CARG",2024-06-18,TRUE,TRUE,TRUE,TRUE,FALSE
"CASY",2024-06-18,TRUE,TRUE,TRUE,TRUE,FALSE
"CBRGU",2024-06-18,TRUE,TRUE,TRUE,TRUE,FALSE
"CCBG",2024-06-18,TRUE,TRUE,TRUE,TRUE,FALSE
"CCZ",2024-06-18,TRUE,TRUE,TRUE,TRUE,FALSE
"CDAQU",2024-06-18,TRUE,TRUE,TRUE,TRUE,FALSE
"CDNS",2024-06-18,TRUE,TRUE,TRUE,TRUE,FALSE
"CDP",2024-06-18,TRUE,TRUE,TRUE,TRUE,FALSE
"CDZIP",2024-06-18,TRUE,TRUE,TRUE,TRUE,FALSE
"CETU",2024-06-18,TRUE,TRUE,TRUE,TRUE,FALSE
"CEV",2024-06-18,TRUE,TRUE,TRUE,TRUE,FALSE
"CFBK",2024-06-18,TRUE,TRUE,TRUE,TRUE,FALSE
"CFFN",2024-06-18,TRUE,TRUE,TRUE,TRUE,FALSE
"CGO",2024-06-18,TRUE,TRUE,TRUE,TRUE,FALSE
"CHD",2024-06-18,TRUE,TRUE,TRUE,TRUE,FALSE
"CHDN",2024-06-18,TRUE,TRUE,TRUE,TRUE,FALSE
"CHI",2024-06-18,TRUE,TRUE,TRUE,TRUE,FALSE
"CHMI",2024-06-18,TRUE,TRUE,TRUE,TRUE,FALSE
"CHSN",2024-06-18,TRUE,TRUE,TRUE,TRUE,FALSE
"CHW",2024-06-18,TRUE,TRUE,TRUE,TRUE,FALSE
"CHWY",2024-06-18,TRUE,TRUE,TRUE,TRUE,FALSE
"CIF",2024-06-18,TRUE,TRUE,TRUE,TRUE,FALSE
"CIFR",2024-06-18,TRUE,TRUE,TRUE,TRUE,FALSE
"CII",2024-06-18,TRUE,TRUE,TRUE,TRUE,FALSE
"CIK",2024-06-18,TRUE,TRUE,TRUE,TRUE,FALSE
"CINT",2024-06-18,TRUE,TRUE,TRUE,TRUE,FALSE
"CIO",2024-06-18,TRUE,TRUE,TRUE,TRUE,FALSE
"CITE",2024-06-18,TRUE,TRUE,TRUE,TRUE,FALSE
"CL",2024-06-18,TRUE,TRUE,TRUE,TRUE,FALSE
"CLBT",2024-06-18,TRUE,TRUE,TRUE,TRUE,FALSE
"CLEU",2024-06-18,TRUE,TRUE,TRUE,TRUE,FALSE
"CLH",2024-06-18,TRUE,TRUE,TRUE,TRUE,FALSE
"CLMT",2024-06-18,TRUE,TRUE,TRUE,TRUE,FALSE
"CLSK",2024-06-18,TRUE,TRUE,TRUE,TRUE,FALSE
"CLWT",2024-06-18,TRUE,TRUE,TRUE,TRUE,FALSE
"CMG",2024-06-18,TRUE,TRUE,TRUE,TRUE,FALSE
"CMSA",2024-06-18,TRUE,TRUE,TRUE,TRUE,FALSE
"CMSC",2024-06-18,TRUE,TRUE,TRUE,TRUE,FALSE
"CMTL",2024-06-18,TRUE,TRUE,TRUE,TRUE,FALSE
"CMU",2024-06-18,TRUE,TRUE,TRUE,TRUE,FALSE
"CNP",2024-06-18,TRUE,TRUE,TRUE,TRUE,FALSE
"COCO",2024-06-18,TRUE,TRUE,TRUE,TRUE,FALSE
"CODX",2024-06-18,TRUE,TRUE,TRUE,TRUE,FALSE
"COE",2024-06-18,TRUE,TRUE,TRUE,TRUE,FALSE
"COFS",2024-06-18,TRUE,TRUE,TRUE,TRUE,FALSE
"COHR",2024-06-18,TRUE,TRUE,TRUE,TRUE,FALSE
"COOLW",2024-06-18,TRUE,TRUE,TRUE,TRUE,FALSE
"COST",2024-06-18,TRUE,TRUE,TRUE,TRUE,FALSE
"CPT",2024-06-18,TRUE,TRUE,TRUE,TRUE,FALSE
"CRDO",2024-06-18,TRUE,TRUE,TRUE,TRUE,FALSE
"CREX",2024-06-18,TRUE,TRUE,TRUE,TRUE,FALSE
"CRSP",2024-06-18,TRUE,TRUE,TRUE,TRUE,FALSE
"CRWD",2024-06-18,TRUE,TRUE,TRUE,TRUE,FALSE
"CSQ",2024-06-18,TRUE,TRUE,TRUE,TRUE,FALSE
"CSWI",2024-06-18,TRUE,TRUE,TRUE,TRUE,FALSE
"CTAS",2024-06-18,TRUE,TRUE,TRUE,TRUE,FALSE
"CUBE",2024-06-18,TRUE,TRUE,TRUE,TRUE,FALSE
"CVII",2024-06-18,TRUE,TRUE,TRUE,TRUE,FALSE
"CVIIU",2024-06-18,TRUE,TRUE,TRUE,TRUE,FALSE
"CVKD",2024-06-18,TRUE,TRUE,TRUE,TRUE,FALSE
"CVLG",2024-06-18,TRUE,TRUE,TRUE,TRUE,FALSE
"CVLT",2024-06-18,TRUE,TRUE,TRUE,TRUE,FALSE
"CXE",2024-06-18,TRUE,TRUE,TRUE,TRUE,FALSE
"CXH",2024-06-18,TRUE,TRUE,TRUE,TRUE,FALSE
"CYBR",2024-06-18,TRUE,TRUE,TRUE,TRUE,FALSE
"CYD",2024-06-18,TRUE,TRUE,TRUE,TRUE,FALSE
"DEA",2024-06-18,TRUE,TRUE,TRUE,TRUE,FALSE
"DERM",2024-06-18,TRUE,TRUE,TRUE,TRUE,FALSE
"DFP",2024-06-18,TRUE,TRUE,TRUE,TRUE,FALSE
"DHC",2024-06-18,TRUE,TRUE,TRUE,TRUE,FALSE
"DHCNI",2024-06-18,TRUE,TRUE,TRUE,TRUE,FALSE
"DIST",2024-06-18,TRUE,TRUE,TRUE,TRUE,FALSE
"DKS",2024-06-18,TRUE,TRUE,TRUE,TRUE,FALSE
"DLR",2024-06-18,TRUE,TRUE,TRUE,TRUE,FALSE
"DMB",2024-06-18,TRUE,TRUE,TRUE,TRUE,FALSE
"DMF",2024-06-18,TRUE,TRUE,TRUE,TRUE,FALSE
"DMO",2024-06-18,TRUE,TRUE,TRUE,TRUE,FALSE
"DMYY",2024-06-18,TRUE,TRUE,TRUE,TRUE,FALSE
"DO",2024-06-18,TRUE,TRUE,TRUE,TRUE,FALSE
"DORM",2024-06-18,TRUE,TRUE,TRUE,TRUE,FALSE
"DPCS",2024-06-18,TRUE,TRUE,TRUE,TRUE,FALSE
"DPZ",2024-06-18,TRUE,TRUE,TRUE,TRUE,FALSE
"DRS",2024-06-18,TRUE,TRUE,TRUE,TRUE,FALSE
"DSM",2024-06-18,TRUE,TRUE,TRUE,TRUE,FALSE
"DTB",2024-06-18,TRUE,TRUE,TRUE,TRUE,FALSE
"DTC",2024-06-18,TRUE,TRUE,TRUE,TRUE,FALSE
"DTF",2024-06-18,TRUE,TRUE,TRUE,TRUE,FALSE
"DUET",2024-06-18,TRUE,TRUE,TRUE,TRUE,FALSE
"EAD",2024-06-18,TRUE,TRUE,TRUE,TRUE,FALSE
"EBF",2024-06-18,TRUE,TRUE,TRUE,TRUE,FALSE
"ECBK",2024-06-18,TRUE,TRUE,TRUE,TRUE,FALSE
"ECCC",2024-06-18,TRUE,TRUE,TRUE,TRUE,FALSE
"ECCW",2024-06-18,TRUE,TRUE,TRUE,TRUE,FALSE
"ECL",2024-06-18,TRUE,TRUE,TRUE,TRUE,FALSE
"EFX",2024-06-18,TRUE,TRUE,TRUE,TRUE,FALSE
"EGF",2024-06-18,TRUE,TRUE,TRUE,TRUE,FALSE
"EGP",2024-06-18,TRUE,TRUE,TRUE,TRUE,FALSE
"EHI",2024-06-18,TRUE,TRUE,TRUE,TRUE,FALSE
"EIM",2024-06-18,TRUE,TRUE,TRUE,TRUE,FALSE
"ELF",2024-06-18,TRUE,TRUE,TRUE,TRUE,FALSE
"EMD",2024-06-18,TRUE,TRUE,TRUE,TRUE,FALSE
"ENSG",2024-06-18,TRUE,TRUE,TRUE,TRUE,FALSE
"ENTG",2024-06-18,TRUE,TRUE,TRUE,TRUE,FALSE
"ENVX",2024-06-18,TRUE,TRUE,TRUE,TRUE,FALSE
"ENX",2024-06-18,TRUE,TRUE,TRUE,TRUE,FALSE
"EOI",2024-06-18,TRUE,TRUE,TRUE,TRUE,FALSE
"EOS",2024-06-18,TRUE,TRUE,TRUE,TRUE,FALSE
"EOT",2024-06-18,TRUE,TRUE,TRUE,TRUE,FALSE
"EPC",2024-06-18,TRUE,TRUE,TRUE,TRUE,FALSE
"EQR",2024-06-18,TRUE,TRUE,TRUE,TRUE,FALSE
"ESGRO",2024-06-18,TRUE,TRUE,TRUE,TRUE,FALSE
"ESI",2024-06-18,TRUE,TRUE,TRUE,TRUE,FALSE
"ESPR",2024-06-18,TRUE,TRUE,TRUE,TRUE,FALSE
"ESS",2024-06-18,TRUE,TRUE,TRUE,TRUE,FALSE
"ESTC",2024-06-18,TRUE,TRUE,TRUE,TRUE,FALSE
"ETB",2024-06-18,TRUE,TRUE,TRUE,TRUE,FALSE
"ETG",2024-06-18,TRUE,TRUE,TRUE,TRUE,FALSE
"ETJ",2024-06-18,TRUE,TRUE,TRUE,TRUE,FALSE
"ETV",2024-06-18,TRUE,TRUE,TRUE,TRUE,FALSE
"ETW",2024-06-18,TRUE,TRUE,TRUE,TRUE,FALSE
"ETY",2024-06-18,TRUE,TRUE,TRUE,TRUE,FALSE
"EVBN",2024-06-18,TRUE,TRUE,TRUE,TRUE,FALSE
"EVE",2024-06-18,TRUE,TRUE,TRUE,TRUE,FALSE
"EVM",2024-06-18,TRUE,TRUE,TRUE,TRUE,FALSE
"EVN",2024-06-18,TRUE,TRUE,TRUE,TRUE,FALSE
"EVOK",2024-06-18,TRUE,TRUE,TRUE,TRUE,FALSE
"EXG",2024-06-18,TRUE,TRUE,TRUE,TRUE,FALSE
"EXR",2024-06-18,TRUE,TRUE,TRUE,TRUE,FALSE
"EXTR",2024-06-18,TRUE,TRUE,TRUE,TRUE,FALSE
"FAX",2024-06-18,TRUE,TRUE,TRUE,TRUE,FALSE
"FCBC",2024-06-18,TRUE,TRUE,TRUE,TRUE,FALSE
"FCO",2024-06-18,TRUE,TRUE,TRUE,TRUE,FALSE
"FEXD",2024-06-18,TRUE,TRUE,TRUE,TRUE,FALSE
"FFA",2024-06-18,TRUE,TRUE,TRUE,TRUE,FALSE
"FIAC",2024-06-18,TRUE,TRUE,TRUE,TRUE,FALSE
"FICO",2024-06-18,TRUE,TRUE,TRUE,TRUE,FALSE
"FITBI",2024-06-18,TRUE,TRUE,TRUE,TRUE,FALSE
"FIZZ",2024-06-18,TRUE,TRUE,TRUE,TRUE,FALSE
"FLR",2024-06-18,TRUE,TRUE,TRUE,TRUE,FALSE
"FMAO",2024-06-18,TRUE,TRUE,TRUE,TRUE,FALSE
"FMN",2024-06-18,TRUE,TRUE,TRUE,TRUE,FALSE
"FND",2024-06-18,TRUE,TRUE,TRUE,TRUE,FALSE
"FNVT",2024-06-18,TRUE,TRUE,TRUE,TRUE,FALSE
"FOSLL",2024-06-18,TRUE,TRUE,TRUE,TRUE,FALSE
"FOXF",2024-06-18,TRUE,TRUE,TRUE,TRUE,FALSE
"FPAY",2024-06-18,TRUE,TRUE,TRUE,TRUE,FALSE
"FPF",2024-06-18,TRUE,TRUE,TRUE,TRUE,FALSE
"FPI",2024-06-18,TRUE,TRUE,TRUE,TRUE,FALSE
"FTAI",2024-06-18,TRUE,TRUE,TRUE,TRUE,FALSE
"FUN",2024-06-18,TRUE,TRUE,TRUE,TRUE,FALSE
"GAM",2024-06-18,TRUE,TRUE,TRUE,TRUE,FALSE
"GAN",2024-06-18,TRUE,TRUE,TRUE,TRUE,FALSE
"GBTG",2024-06-18,TRUE,TRUE,TRUE,TRUE,FALSE
"GDC",2024-06-18,TRUE,TRUE,TRUE,TRUE,FALSE
"GDEV",2024-06-18,TRUE,TRUE,TRUE,TRUE,FALSE
"GDST",2024-06-18,TRUE,TRUE,TRUE,TRUE,FALSE
"GEL",2024-06-18,TRUE,TRUE,TRUE,TRUE,FALSE
"GERN",2024-06-18,TRUE,TRUE,TRUE,TRUE,FALSE
"GFL",2024-06-18,TRUE,TRUE,TRUE,TRUE,FALSE
"GHY",2024-06-18,TRUE,TRUE,TRUE,TRUE,FALSE
"GLNG",2024-06-18,TRUE,TRUE,TRUE,TRUE,FALSE
"GLO",2024-06-18,TRUE,TRUE,TRUE,TRUE,FALSE
"GLQ",2024-06-18,TRUE,TRUE,TRUE,TRUE,FALSE
"GLSI",2024-06-18,TRUE,TRUE,TRUE,TRUE,FALSE
"GLSTU",2024-06-18,TRUE,TRUE,TRUE,TRUE,FALSE
"GLV",2024-06-18,TRUE,TRUE,TRUE,TRUE,FALSE
"GM",2024-06-18,TRUE,TRUE,TRUE,TRUE,FALSE
"GMFIU",2024-06-18,TRUE,TRUE,TRUE,TRUE,FALSE
"GOODN",2024-06-18,TRUE,TRUE,TRUE,TRUE,FALSE
"GPJA",2024-06-18,TRUE,TRUE,TRUE,TRUE,FALSE
"GRC",2024-06-18,TRUE,TRUE,TRUE,TRUE,FALSE
"GREE",2024-06-18,TRUE,TRUE,TRUE,TRUE,FALSE
"GREEL",2024-06-18,TRUE,TRUE,TRUE,TRUE,FALSE
"GROV",2024-06-18,TRUE,TRUE,TRUE,TRUE,FALSE
"GRVY",2024-06-18,TRUE,TRUE,TRUE,TRUE,FALSE
"GTE",2024-06-18,TRUE,TRUE,TRUE,TRUE,FALSE
"GWH",2024-06-18,TRUE,TRUE,TRUE,TRUE,FALSE
"GWRE",2024-06-18,TRUE,TRUE,TRUE,TRUE,FALSE
"HAIA",2024-06-18,TRUE,TRUE,TRUE,TRUE,FALSE
"HALO",2024-06-18,TRUE,TRUE,TRUE,TRUE,FALSE
"HAS",2024-06-18,TRUE,TRUE,TRUE,TRUE,FALSE
"HBCP",2024-06-18,TRUE,TRUE,TRUE,TRUE,FALSE
"HCA",2024-06-18,TRUE,TRUE,TRUE,TRUE,FALSE
"HDB",2024-06-18,TRUE,TRUE,TRUE,TRUE,FALSE
"HESM",2024-06-18,TRUE,TRUE,TRUE,TRUE,FALSE
"HGTY",2024-06-18,TRUE,TRUE,TRUE,TRUE,FALSE
"HHS",2024-06-18,TRUE,TRUE,TRUE,TRUE,FALSE
"HIMS",2024-06-18,TRUE,TRUE,TRUE,TRUE,FALSE
"HIO",2024-06-18,TRUE,TRUE,TRUE,TRUE,FALSE
"HIVE",2024-06-18,TRUE,TRUE,TRUE,TRUE,FALSE
"HIX",2024-06-18,TRUE,TRUE,TRUE,TRUE,FALSE
"HKIT",2024-06-18,TRUE,TRUE,TRUE,TRUE,FALSE
"HLP",2024-06-18,TRUE,TRUE,TRUE,TRUE,FALSE
"HLT",2024-06-18,TRUE,TRUE,TRUE,TRUE,FALSE
"HON",2024-06-18,TRUE,TRUE,TRUE,TRUE,FALSE
"HONE",2024-06-18,TRUE,TRUE,TRUE,TRUE,FALSE
"HPE",2024-06-18,TRUE,TRUE,TRUE,TRUE,FALSE
"HQH",2024-06-18,TRUE,TRUE,TRUE,TRUE,FALSE
"HQL",2024-06-18,TRUE,TRUE,TRUE,TRUE,FALSE
"HQY",2024-06-18,TRUE,TRUE,TRUE,TRUE,FALSE
"HROWL",2024-06-18,TRUE,TRUE,TRUE,TRUE,FALSE
"HTLD",2024-06-18,TRUE,TRUE,TRUE,TRUE,FALSE
"HUDA",2024-06-18,TRUE,TRUE,TRUE,TRUE,FALSE
"HURN",2024-06-18,TRUE,TRUE,TRUE,TRUE,FALSE
"HUT",2024-06-18,TRUE,TRUE,TRUE,TRUE,FALSE
"HYLN",2024-06-18,TRUE,TRUE,TRUE,TRUE,FALSE
"IAE",2024-06-18,TRUE,TRUE,TRUE,TRUE,FALSE
"ICCH",2024-06-18,TRUE,TRUE,TRUE,TRUE,FALSE
"ICE",2024-06-18,TRUE,TRUE,TRUE,TRUE,FALSE
"ICMB",2024-06-18,TRUE,TRUE,TRUE,TRUE,FALSE
"ICUI",2024-06-18,TRUE,TRUE,TRUE,TRUE,FALSE
"IDEX",2024-06-18,TRUE,TRUE,TRUE,TRUE,FALSE
"IDR",2024-06-18,TRUE,TRUE,TRUE,TRUE,FALSE
"IDXX",2024-06-18,TRUE,TRUE,TRUE,TRUE,FALSE
"IGI",2024-06-18,TRUE,TRUE,TRUE,TRUE,FALSE
"IGIC",2024-06-18,TRUE,TRUE,TRUE,TRUE,FALSE
"IGTA",2024-06-18,TRUE,TRUE,TRUE,TRUE,FALSE
"IHG",2024-06-18,TRUE,TRUE,TRUE,TRUE,FALSE
"IHT",2024-06-18,TRUE,TRUE,TRUE,TRUE,FALSE
"IIF",2024-06-18,TRUE,TRUE,TRUE,TRUE,FALSE
"IIM",2024-06-18,TRUE,TRUE,TRUE,TRUE,FALSE
"IMAQ",2024-06-18,TRUE,TRUE,TRUE,TRUE,FALSE
"IMAQU",2024-06-18,TRUE,TRUE,TRUE,TRUE,FALSE
"IMPPP",2024-06-18,TRUE,TRUE,TRUE,TRUE,FALSE
"INBKZ",2024-06-18,TRUE,TRUE,TRUE,TRUE,FALSE
"INCY",2024-06-18,TRUE,TRUE,TRUE,TRUE,FALSE
"INFY",2024-06-18,TRUE,TRUE,TRUE,TRUE,FALSE
"INSE",2024-06-18,TRUE,TRUE,TRUE,TRUE,FALSE
"INST",2024-06-18,TRUE,TRUE,TRUE,TRUE,FALSE
"INVH",2024-06-18,TRUE,TRUE,TRUE,TRUE,FALSE
"IPXXU",2024-06-18,TRUE,TRUE,TRUE,TRUE,FALSE
"IQI",2024-06-18,TRUE,TRUE,TRUE,TRUE,FALSE
"IRAA",2024-06-18,TRUE,TRUE,TRUE,TRUE,FALSE
"IRAAU",2024-06-18,TRUE,TRUE,TRUE,TRUE,FALSE
"IREN",2024-06-18,TRUE,TRUE,TRUE,TRUE,FALSE
"IRM",2024-06-18,TRUE,TRUE,TRUE,TRUE,FALSE
"IRON",2024-06-18,TRUE,TRUE,TRUE,TRUE,FALSE
"IRT",2024-06-18,TRUE,TRUE,TRUE,TRUE,FALSE
"ISD",2024-06-18,TRUE,TRUE,TRUE,TRUE,FALSE
"ISPC",2024-06-18,TRUE,TRUE,TRUE,TRUE,FALSE
"ISPOW",2024-06-18,TRUE,TRUE,TRUE,TRUE,FALSE
"ISRG",2024-06-18,TRUE,TRUE,TRUE,TRUE,FALSE
"ITIC",2024-06-18,TRUE,TRUE,TRUE,TRUE,FALSE
"ITRG",2024-06-18,TRUE,TRUE,TRUE,TRUE,FALSE
"IVCA",2024-06-18,TRUE,TRUE,TRUE,TRUE,FALSE
"IVCAU",2024-06-18,TRUE,TRUE,TRUE,TRUE,FALSE
"IVCB",2024-06-18,TRUE,TRUE,TRUE,TRUE,FALSE
"IVCP",2024-06-18,TRUE,TRUE,TRUE,TRUE,FALSE
"IXAQU",2024-06-18,TRUE,TRUE,TRUE,TRUE,FALSE
"IXHL",2024-06-18,TRUE,TRUE,TRUE,TRUE,FALSE
"JBT",2024-06-18,TRUE,TRUE,TRUE,TRUE,FALSE
"JG",2024-06-18,TRUE,TRUE,TRUE,TRUE,FALSE
"JGH",2024-06-18,TRUE,TRUE,TRUE,TRUE,FALSE
"JLL",2024-06-18,TRUE,TRUE,TRUE,TRUE,FALSE
"JLS",2024-06-18,TRUE,TRUE,TRUE,TRUE,FALSE
"JMIA",2024-06-18,TRUE,TRUE,TRUE,TRUE,FALSE
"JPC",2024-06-18,TRUE,TRUE,TRUE,TRUE,FALSE
"JRI",2024-06-18,TRUE,TRUE,TRUE,TRUE,FALSE
"JRS",2024-06-18,TRUE,TRUE,TRUE,TRUE,FALSE
"JWEL",2024-06-18,TRUE,TRUE,TRUE,TRUE,FALSE
"KARO",2024-06-18,TRUE,TRUE,TRUE,TRUE,FALSE
"KIO",2024-06-18,TRUE,TRUE,TRUE,TRUE,FALSE
"KKR",2024-06-18,TRUE,TRUE,TRUE,TRUE,FALSE
"KKRS",2024-06-18,TRUE,TRUE,TRUE,TRUE,FALSE
"KLAC",2024-06-18,TRUE,TRUE,TRUE,TRUE,FALSE
"KMB",2024-06-18,TRUE,TRUE,TRUE,TRUE,FALSE
"KODK",2024-06-18,TRUE,TRUE,TRUE,TRUE,FALSE
"KRYS",2024-06-18,TRUE,TRUE,TRUE,TRUE,FALSE
"KSM",2024-06-18,TRUE,TRUE,TRUE,TRUE,FALSE
"KTF",2024-06-18,TRUE,TRUE,TRUE,TRUE,FALSE
"KYN",2024-06-18,TRUE,TRUE,TRUE,TRUE,FALSE
"LADR",2024-06-18,TRUE,TRUE,TRUE,TRUE,FALSE
"LAKE",2024-06-18,TRUE,TRUE,TRUE,TRUE,FALSE
"LANDM",2024-06-18,TRUE,TRUE,TRUE,TRUE,FALSE
"LANV",2024-06-18,TRUE,TRUE,TRUE,TRUE,FALSE
"LATGU",2024-06-18,TRUE,TRUE,TRUE,TRUE,FALSE
"LBTYK",2024-06-18,TRUE,TRUE,TRUE,TRUE,FALSE
"LE",2024-06-18,TRUE,TRUE,TRUE,TRUE,FALSE
"LEO",2024-06-18,TRUE,TRUE,TRUE,TRUE,FALSE
"LII",2024-06-18,TRUE,TRUE,TRUE,TRUE,FALSE
"LITE",2024-06-18,TRUE,TRUE,TRUE,TRUE,FALSE
"LLY",2024-06-18,TRUE,TRUE,TRUE,TRUE,FALSE
"LMFA",2024-06-18,TRUE,TRUE,TRUE,TRUE,FALSE
"LPCN",2024-06-18,TRUE,TRUE,TRUE,TRUE,FALSE
"LRCX",2024-06-18,TRUE,TRUE,TRUE,TRUE,FALSE
"LSTA",2024-06-18,TRUE,TRUE,TRUE,TRUE,FALSE
"LTH",2024-06-18,TRUE,TRUE,TRUE,TRUE,FALSE
"MAA",2024-06-18,TRUE,TRUE,TRUE,TRUE,FALSE
"MAIN",2024-06-18,TRUE,TRUE,TRUE,TRUE,FALSE
"MANH",2024-06-18,TRUE,TRUE,TRUE,TRUE,FALSE
"MAQC",2024-06-18,TRUE,TRUE,TRUE,TRUE,FALSE
"MAV",2024-06-18,TRUE,TRUE,TRUE,TRUE,FALSE
"MBINN",2024-06-18,TRUE,TRUE,TRUE,TRUE,FALSE
"MCAA",2024-06-18,TRUE,TRUE,TRUE,TRUE,FALSE
"MCHX",2024-06-18,TRUE,TRUE,TRUE,TRUE,FALSE
"MCK",2024-06-18,TRUE,TRUE,TRUE,TRUE,FALSE
"MDGL",2024-06-18,TRUE,TRUE,TRUE,TRUE,FALSE
"MEDP",2024-06-18,TRUE,TRUE,TRUE,TRUE,FALSE
"MEDS",2024-06-18,TRUE,TRUE,TRUE,TRUE,FALSE
"META",2024-06-18,TRUE,TRUE,TRUE,TRUE,FALSE
"METCL",2024-06-18,TRUE,TRUE,TRUE,TRUE,FALSE
"MFM",2024-06-18,TRUE,TRUE,TRUE,TRUE,FALSE
"MGRB",2024-06-18,TRUE,TRUE,TRUE,TRUE,FALSE
"MGRD",2024-06-18,TRUE,TRUE,TRUE,TRUE,FALSE
"MHD",2024-06-18,TRUE,TRUE,TRUE,TRUE,FALSE
"MHUA",2024-06-18,TRUE,TRUE,TRUE,TRUE,FALSE
"MIGI",2024-06-18,TRUE,TRUE,TRUE,TRUE,FALSE
"MIN",2024-06-18,TRUE,TRUE,TRUE,TRUE,FALSE
"MIO",2024-06-18,TRUE,TRUE,TRUE,TRUE,FALSE
"MIRM",2024-06-18,TRUE,TRUE,TRUE,TRUE,FALSE
"MITA",2024-06-18,TRUE,TRUE,TRUE,TRUE,FALSE
"MIY",2024-06-18,TRUE,TRUE,TRUE,TRUE,FALSE
"MKSI",2024-06-18,TRUE,TRUE,TRUE,TRUE,FALSE
"MLNK",2024-06-18,TRUE,TRUE,TRUE,TRUE,FALSE
"MMC",2024-06-18,TRUE,TRUE,TRUE,TRUE,FALSE
"MMD",2024-06-18,TRUE,TRUE,TRUE,TRUE,FALSE
"MMU",2024-06-18,TRUE,TRUE,TRUE,TRUE,FALSE
"MNPR",2024-06-18,TRUE,TRUE,TRUE,TRUE,FALSE
"MOGU",2024-06-18,TRUE,TRUE,TRUE,TRUE,FALSE
"MOLN",2024-06-18,TRUE,TRUE,TRUE,TRUE,FALSE
"MPA",2024-06-18,TRUE,TRUE,TRUE,TRUE,FALSE
"MPV",2024-06-18,TRUE,TRUE,TRUE,TRUE,FALSE
"MPWR",2024-06-18,TRUE,TRUE,TRUE,TRUE,FALSE
"MQT",2024-06-18,TRUE,TRUE,TRUE,TRUE,FALSE
"MQY",2024-06-18,TRUE,TRUE,TRUE,TRUE,FALSE
"MREO",2024-06-18,TRUE,TRUE,TRUE,TRUE,FALSE
"MSD",2024-06-18,TRUE,TRUE,TRUE,TRUE,FALSE
"MSFT",2024-06-18,TRUE,TRUE,TRUE,TRUE,FALSE
"MSI",2024-06-18,TRUE,TRUE,TRUE,TRUE,FALSE
"MSSA",2024-06-18,TRUE,TRUE,TRUE,TRUE,FALSE
"MTSI",2024-06-18,TRUE,TRUE,TRUE,TRUE,FALSE
"MU",2024-06-18,TRUE,TRUE,TRUE,TRUE,FALSE
"MUA",2024-06-18,TRUE,TRUE,TRUE,TRUE,FALSE
"MUC",2024-06-18,TRUE,TRUE,TRUE,TRUE,FALSE
"MUE",2024-06-18,TRUE,TRUE,TRUE,TRUE,FALSE
"MUI",2024-06-18,TRUE,TRUE,TRUE,TRUE,FALSE
"MUJ",2024-06-18,TRUE,TRUE,TRUE,TRUE,FALSE
"MUSA",2024-06-18,TRUE,TRUE,TRUE,TRUE,FALSE
"MVF",2024-06-18,TRUE,TRUE,TRUE,TRUE,FALSE
"MVT",2024-06-18,TRUE,TRUE,TRUE,TRUE,FALSE
"MYD",2024-06-18,TRUE,TRUE,TRUE,TRUE,FALSE
"MYGN",2024-06-18,TRUE,TRUE,TRUE,TRUE,FALSE
"NABL",2024-06-18,TRUE,TRUE,TRUE,TRUE,FALSE
"NAC",2024-06-18,TRUE,TRUE,TRUE,TRUE,FALSE
"NAD",2024-06-18,TRUE,TRUE,TRUE,TRUE,FALSE
"NAN",2024-06-18,TRUE,TRUE,TRUE,TRUE,FALSE
"NAZ",2024-06-18,TRUE,TRUE,TRUE,TRUE,FALSE
"NBB",2024-06-18,TRUE,TRUE,TRUE,TRUE,FALSE
"NBH",2024-06-18,TRUE,TRUE,TRUE,TRUE,FALSE
"NBST",2024-06-18,TRUE,TRUE,TRUE,TRUE,FALSE
"NBXG",2024-06-18,TRUE,TRUE,TRUE,TRUE,FALSE
"NCTY",2024-06-18,TRUE,TRUE,TRUE,TRUE,FALSE
"NDLS",2024-06-18,TRUE,TRUE,TRUE,TRUE,FALSE
"NEA",2024-06-18,TRUE,TRUE,TRUE,TRUE,FALSE
"NEOG",2024-06-18,TRUE,TRUE,TRUE,TRUE,FALSE
"NEOV",2024-06-18,TRUE,TRUE,TRUE,TRUE,FALSE
"NERV",2024-06-18,TRUE,TRUE,TRUE,TRUE,FALSE
"NEWTL",2024-06-18,TRUE,TRUE,TRUE,TRUE,FALSE
"NHI",2024-06-18,TRUE,TRUE,TRUE,TRUE,FALSE
"NHS",2024-06-18,TRUE,TRUE,TRUE,TRUE,FALSE
"NIM",2024-06-18,TRUE,TRUE,TRUE,TRUE,FALSE
"NKE",2024-06-18,TRUE,TRUE,TRUE,TRUE,FALSE
"NLSP",2024-06-18,TRUE,TRUE,TRUE,TRUE,FALSE
"NLY",2024-06-18,TRUE,TRUE,TRUE,TRUE,FALSE
"NMCO",2024-06-18,TRUE,TRUE,TRUE,TRUE,FALSE
"NMI",2024-06-18,TRUE,TRUE,TRUE,TRUE,FALSE
"NMS",2024-06-18,TRUE,TRUE,TRUE,TRUE,FALSE
"NMT",2024-06-18,TRUE,TRUE,TRUE,TRUE,FALSE
"NMZ",2024-06-18,TRUE,TRUE,TRUE,TRUE,FALSE
"NNN",2024-06-18,TRUE,TRUE,TRUE,TRUE,FALSE
"NNY",2024-06-18,TRUE,TRUE,TRUE,TRUE,FALSE
"NOM",2024-06-18,TRUE,TRUE,TRUE,TRUE,FALSE
"NOVA",2024-06-18,TRUE,TRUE,TRUE,TRUE,FALSE
"NOVT",2024-06-18,TRUE,TRUE,TRUE,TRUE,FALSE
"NPCT",2024-06-18,TRUE,TRUE,TRUE,TRUE,FALSE
"NPV",2024-06-18,TRUE,TRUE,TRUE,TRUE,FALSE
"NQP",2024-06-18,TRUE,TRUE,TRUE,TRUE,FALSE
"NRK",2024-06-18,TRUE,TRUE,TRUE,TRUE,FALSE
"NRO",2024-06-18,TRUE,TRUE,TRUE,TRUE,FALSE
"NRP",2024-06-18,TRUE,TRUE,TRUE,TRUE,FALSE
"NSA",2024-06-18,TRUE,TRUE,TRUE,TRUE,FALSE
"NTAP",2024-06-18,TRUE,TRUE,TRUE,TRUE,FALSE
"NTGR",2024-06-18,TRUE,TRUE,TRUE,TRUE,FALSE
"NTLA",2024-06-18,TRUE,TRUE,TRUE,TRUE,FALSE
"NTWK",2024-06-18,TRUE,TRUE,TRUE,TRUE,FALSE
"NUVL",2024-06-18,TRUE,TRUE,TRUE,TRUE,FALSE
"NVDA",2024-06-18,TRUE,TRUE,TRUE,TRUE,FALSE
"NVG",2024-06-18,TRUE,TRUE,TRUE,TRUE,FALSE
"NVMI",2024-06-18,TRUE,TRUE,TRUE,TRUE,FALSE
"NXN",2024-06-18,TRUE,TRUE,TRUE,TRUE,FALSE
"NXP",2024-06-18,TRUE,TRUE,TRUE,TRUE,FALSE
"NYMTL",2024-06-18,TRUE,TRUE,TRUE,TRUE,FALSE
"NZF",2024-06-18,TRUE,TRUE,TRUE,TRUE,FALSE
"OCAX",2024-06-18,TRUE,TRUE,TRUE,TRUE,FALSE
"OCCIN",2024-06-18,TRUE,TRUE,TRUE,TRUE,FALSE
"OCCIO",2024-06-18,TRUE,TRUE,TRUE,TRUE,FALSE
"OCFCP",2024-06-18,TRUE,TRUE,TRUE,TRUE,FALSE
"OCX",2024-06-18,TRUE,TRUE,TRUE,TRUE,FALSE
"OESX",2024-06-18,TRUE,TRUE,TRUE,TRUE,FALSE
"OFSSH",2024-06-18,TRUE,TRUE,TRUE,TRUE,FALSE
"OLED",2024-06-18,TRUE,TRUE,TRUE,TRUE,FALSE
"OLK",2024-06-18,TRUE,TRUE,TRUE,TRUE,FALSE
"OLLI",2024-06-18,TRUE,TRUE,TRUE,TRUE,FALSE
"OLP",2024-06-18,TRUE,TRUE,TRUE,TRUE,FALSE
"OMER",2024-06-18,TRUE,TRUE,TRUE,TRUE,FALSE
"ONBPO",2024-06-18,TRUE,TRUE,TRUE,TRUE,FALSE
"ONBPP",2024-06-18,TRUE,TRUE,TRUE,TRUE,FALSE
"OPI",2024-06-18,TRUE,TRUE,TRUE,TRUE,FALSE
"OPRA",2024-06-18,TRUE,TRUE,TRUE,TRUE,FALSE
"OPTN",2024-06-18,TRUE,TRUE,TRUE,TRUE,FALSE
"ORCL",2024-06-18,TRUE,TRUE,TRUE,TRUE,FALSE
"OWLT",2024-06-18,TRUE,TRUE,TRUE,TRUE,FALSE
"OXLCO",2024-06-18,TRUE,TRUE,TRUE,TRUE,FALSE
"PAI",2024-06-18,TRUE,TRUE,TRUE,TRUE,FALSE
"PALT",2024-06-18,TRUE,TRUE,TRUE,TRUE,FALSE
"PANW",2024-06-18,TRUE,TRUE,TRUE,TRUE,FALSE
"PAYX",2024-06-18,TRUE,TRUE,TRUE,TRUE,FALSE
"PBBK",2024-06-18,TRUE,TRUE,TRUE,TRUE,FALSE
"PCK",2024-06-18,TRUE,TRUE,TRUE,TRUE,FALSE
"PCQ",2024-06-18,TRUE,TRUE,TRUE,TRUE,FALSE
"PCT",2024-06-18,TRUE,TRUE,TRUE,TRUE,FALSE
"PEGR",2024-06-18,TRUE,TRUE,TRUE,TRUE,FALSE
"PEGRU",2024-06-18,TRUE,TRUE,TRUE,TRUE,FALSE
"PENN",2024-06-18,TRUE,TRUE,TRUE,TRUE,FALSE
"PFD",2024-06-18,TRUE,TRUE,TRUE,TRUE,FALSE
"PFO",2024-06-18,TRUE,TRUE,TRUE,TRUE,FALSE
"PFSI",2024-06-18,TRUE,TRUE,TRUE,TRUE,FALSE
"PFTAU",2024-06-18,TRUE,TRUE,TRUE,TRUE,FALSE
"PG",2024-06-18,TRUE,TRUE,TRUE,TRUE,FALSE
"PGRU",2024-06-18,TRUE,TRUE,TRUE,TRUE,FALSE
"PHAT",2024-06-18,TRUE,TRUE,TRUE,TRUE,FALSE
"PHYT",2024-06-18,TRUE,TRUE,TRUE,TRUE,FALSE
"PKG",2024-06-18,TRUE,TRUE,TRUE,TRUE,FALSE
"PLD",2024-06-18,TRUE,TRUE,TRUE,TRUE,FALSE
"PLMIU",2024-06-18,TRUE,TRUE,TRUE,TRUE,FALSE
"PLNT",2024-06-18,TRUE,TRUE,TRUE,TRUE,FALSE
"PLTR",2024-06-18,TRUE,TRUE,TRUE,TRUE,FALSE
"PMM",2024-06-18,TRUE,TRUE,TRUE,TRUE,FALSE
"PMO",2024-06-18,TRUE,TRUE,TRUE,TRUE,FALSE
"PMX",2024-06-18,TRUE,TRUE,TRUE,TRUE,FALSE
"PNF",2024-06-18,TRUE,TRUE,TRUE,TRUE,FALSE
"PNFPP",2024-06-18,TRUE,TRUE,TRUE,TRUE,FALSE
"PNI",2024-06-18,TRUE,TRUE,TRUE,TRUE,FALSE
"PODD",2024-06-18,TRUE,TRUE,TRUE,TRUE,FALSE
"PPT",2024-06-18,TRUE,TRUE,TRUE,TRUE,FALSE
"PRH",2024-06-18,TRUE,TRUE,TRUE,TRUE,FALSE
"PRM",2024-06-18,TRUE,TRUE,TRUE,TRUE,FALSE
"PROF",2024-06-18,TRUE,TRUE,TRUE,TRUE,FALSE
"PRS",2024-06-18,TRUE,TRUE,TRUE,TRUE,FALSE
"PSA",2024-06-18,TRUE,TRUE,TRUE,TRUE,FALSE
"PSTG",2024-06-18,TRUE,TRUE,TRUE,TRUE,FALSE
"PTON",2024-06-18,TRUE,TRUE,TRUE,TRUE,FALSE
"PYN",2024-06-18,TRUE,TRUE,TRUE,TRUE,FALSE
"QMCO",2024-06-18,TRUE,TRUE,TRUE,TRUE,FALSE
"QOMO",2024-06-18,TRUE,TRUE,TRUE,TRUE,FALSE
"RBA",2024-06-18,TRUE,TRUE,TRUE,TRUE,FALSE
"RCB",2024-06-18,TRUE,TRUE,TRUE,TRUE,FALSE
"RCFA",2024-06-18,TRUE,TRUE,TRUE,TRUE,FALSE
"RCG",2024-06-18,TRUE,TRUE,TRUE,TRUE,FALSE
"RCUS",2024-06-18,TRUE,TRUE,TRUE,TRUE,FALSE
"RDCM",2024-06-18,TRUE,TRUE,TRUE,TRUE,FALSE
"RDW",2024-06-18,TRUE,TRUE,TRUE,TRUE,FALSE
"REBN",2024-06-18,TRUE,TRUE,TRUE,TRUE,FALSE
"REFI",2024-06-18,TRUE,TRUE,TRUE,TRUE,FALSE
"REG",2024-06-18,TRUE,TRUE,TRUE,TRUE,FALSE
"REGN",2024-06-18,TRUE,TRUE,TRUE,TRUE,FALSE
"RELL",2024-06-18,TRUE,TRUE,TRUE,TRUE,FALSE
"RELX",2024-06-18,TRUE,TRUE,TRUE,TRUE,FALSE
"REPL",2024-06-18,TRUE,TRUE,TRUE,TRUE,FALSE
"RFMZ",2024-06-18,TRUE,TRUE,TRUE,TRUE,FALSE
"RIOT",2024-06-18,TRUE,TRUE,TRUE,TRUE,FALSE
"RKLB",2024-06-18,TRUE,TRUE,TRUE,TRUE,FALSE
"RLAY",2024-06-18,TRUE,TRUE,TRUE,TRUE,FALSE
"RLTY",2024-06-18,TRUE,TRUE,TRUE,TRUE,FALSE
"RMI",2024-06-18,TRUE,TRUE,TRUE,TRUE,FALSE
"RMM",2024-06-18,TRUE,TRUE,TRUE,TRUE,FALSE
"RMMZ",2024-06-18,TRUE,TRUE,TRUE,TRUE,FALSE
"RMNI",2024-06-18,TRUE,TRUE,TRUE,TRUE,FALSE
"RNA",2024-06-18,TRUE,TRUE,TRUE,TRUE,FALSE
"RNW",2024-06-18,TRUE,TRUE,TRUE,TRUE,FALSE
"RNWWW",2024-06-18,TRUE,TRUE,TRUE,TRUE,FALSE
"ROG",2024-06-18,TRUE,TRUE,TRUE,TRUE,FALSE
"ROL",2024-06-18,TRUE,TRUE,TRUE,TRUE,FALSE
"ROP",2024-06-18,TRUE,TRUE,TRUE,TRUE,FALSE
"ROST",2024-06-18,TRUE,TRUE,TRUE,TRUE,FALSE
"RPAY",2024-06-18,TRUE,TRUE,TRUE,TRUE,FALSE
"RPM",2024-06-18,TRUE,TRUE,TRUE,TRUE,FALSE
"RPTX",2024-06-18,TRUE,TRUE,TRUE,TRUE,FALSE
"RSI",2024-06-18,TRUE,TRUE,TRUE,TRUE,FALSE
"RTO",2024-06-18,TRUE,TRUE,TRUE,TRUE,FALSE
"RWT",2024-06-18,TRUE,TRUE,TRUE,TRUE,FALSE
"RXRX",2024-06-18,TRUE,TRUE,TRUE,TRUE,FALSE
"RXT",2024-06-18,TRUE,TRUE,TRUE,TRUE,FALSE
"SAM",2024-06-18,TRUE,TRUE,TRUE,TRUE,FALSE
"SBXC",2024-06-18,TRUE,TRUE,TRUE,TRUE,FALSE
"SCD",2024-06-18,TRUE,TRUE,TRUE,TRUE,FALSE
"SCI",2024-06-18,TRUE,TRUE,TRUE,TRUE,FALSE
"SCLX",2024-06-18,TRUE,TRUE,TRUE,TRUE,FALSE
"SDIG",2024-06-18,TRUE,TRUE,TRUE,TRUE,FALSE
"SDOT",2024-06-18,TRUE,TRUE,TRUE,TRUE,FALSE
"SE",2024-06-18,TRUE,TRUE,TRUE,TRUE,FALSE
"SER",2024-06-18,TRUE,TRUE,TRUE,TRUE,FALSE
"SF",2024-06-18,TRUE,TRUE,TRUE,TRUE,FALSE
"SFIX",2024-06-18,TRUE,TRUE,TRUE,TRUE,FALSE
"SGH",2024-06-18,TRUE,TRUE,TRUE,TRUE,FALSE
"SGMA",2024-06-18,TRUE,TRUE,TRUE,TRUE,FALSE
"SILK",2024-06-18,TRUE,TRUE,TRUE,TRUE,FALSE
"SIMO",2024-06-18,TRUE,TRUE,TRUE,TRUE,FALSE
"SIX",2024-06-18,TRUE,TRUE,TRUE,TRUE,FALSE
"SKGR",2024-06-18,TRUE,TRUE,TRUE,TRUE,FALSE
"SKYW",2024-06-18,TRUE,TRUE,TRUE,TRUE,FALSE
"SLAM",2024-06-18,TRUE,TRUE,TRUE,TRUE,FALSE
"SLG",2024-06-18,TRUE,TRUE,TRUE,TRUE,FALSE
"SLNH",2024-06-18,TRUE,TRUE,TRUE,TRUE,FALSE
"SLNHP",2024-06-18,TRUE,TRUE,TRUE,TRUE,FALSE
"SMAR",2024-06-18,TRUE,TRUE,TRUE,TRUE,FALSE
"SMLR",2024-06-18,TRUE,TRUE,TRUE,TRUE,FALSE
"SNPS",2024-06-18,TRUE,TRUE,TRUE,TRUE,FALSE
"SNT",2024-06-18,TRUE,TRUE,TRUE,TRUE,FALSE
"SOJC",2024-06-18,TRUE,TRUE,TRUE,TRUE,FALSE
"SOJE",2024-06-18,TRUE,TRUE,TRUE,TRUE,FALSE
"SONM",2024-06-18,TRUE,TRUE,TRUE,TRUE,FALSE
"SPXX",2024-06-18,TRUE,TRUE,TRUE,TRUE,FALSE
"SRAD",2024-06-18,TRUE,TRUE,TRUE,TRUE,FALSE
"SRCL",2024-06-18,TRUE,TRUE,TRUE,TRUE,FALSE
"SSIC",2024-06-18,TRUE,TRUE,TRUE,TRUE,FALSE
"SSY",2024-06-18,TRUE,TRUE,TRUE,TRUE,FALSE
"STK",2024-06-18,TRUE,TRUE,TRUE,TRUE,FALSE
"STN",2024-06-18,TRUE,TRUE,TRUE,TRUE,FALSE
"STRM",2024-06-18,TRUE,TRUE,TRUE,TRUE,FALSE
"STRS",2024-06-18,TRUE,TRUE,TRUE,TRUE,FALSE
"STX",2024-06-18,TRUE,TRUE,TRUE,TRUE,FALSE
"SUPV",2024-06-18,TRUE,TRUE,TRUE,TRUE,FALSE
"SVMH",2024-06-18,TRUE,TRUE,TRUE,TRUE,FALSE
"SYBT",2024-06-18,TRUE,TRUE,TRUE,TRUE,FALSE
"SYK",2024-06-18,TRUE,TRUE,TRUE,TRUE,FALSE
"SYPR",2024-06-18,TRUE,TRUE,TRUE,TRUE,FALSE
"SYRS",2024-06-18,TRUE,TRUE,TRUE,TRUE,FALSE
"TBB",2024-06-18,TRUE,TRUE,TRUE,TRUE,FALSE
"TBBK",2024-06-18,TRUE,TRUE,TRUE,TRUE,FALSE
"TBC",2024-06-18,TRUE,TRUE,TRUE,TRUE,FALSE
"TCBS",2024-06-18,TRUE,TRUE,TRUE,TRUE,FALSE
"TELZ",2024-06-18,TRUE,TRUE,TRUE,TRUE,FALSE
"TERN",2024-06-18,TRUE,TRUE,TRUE,TRUE,FALSE
"TETE",2024-06-18,TRUE,TRUE,TRUE,TRUE,FALSE
"TFIN",2024-06-18,TRUE,TRUE,TRUE,TRUE,FALSE
"TGAA",2024-06-18,TRUE,TRUE,TRUE,TRUE,FALSE
"THW",2024-06-18,TRUE,TRUE,TRUE,TRUE,FALSE
"TJX",2024-06-18,TRUE,TRUE,TRUE,TRUE,FALSE
"TMTC",2024-06-18,TRUE,TRUE,TRUE,TRUE,FALSE
"TOMZ",2024-06-18,TRUE,TRUE,TRUE,TRUE,FALSE
"TPL",2024-06-18,TRUE,TRUE,TRUE,TRUE,FALSE
"TRGP",2024-06-18,TRUE,TRUE,TRUE,TRUE,FALSE
"TRIB",2024-06-18,TRUE,TRUE,TRUE,TRUE,FALSE
"TRNO",2024-06-18,TRUE,TRUE,TRUE,TRUE,FALSE
"TRONU",2024-06-18,TRUE,TRUE,TRUE,TRUE,FALSE
"TROO",2024-06-18,TRUE,TRUE,TRUE,TRUE,FALSE
"TSI",2024-06-18,TRUE,TRUE,TRUE,TRUE,FALSE
"TSM",2024-06-18,TRUE,TRUE,TRUE,TRUE,FALSE
"TTC",2024-06-18,TRUE,TRUE,TRUE,TRUE,FALSE
"TTGT",2024-06-18,TRUE,TRUE,TRUE,TRUE,FALSE
"TWN",2024-06-18,TRUE,TRUE,TRUE,TRUE,FALSE
"TWO",2024-06-18,TRUE,TRUE,TRUE,TRUE,FALSE
"UCAR",2024-06-18,TRUE,TRUE,TRUE,TRUE,FALSE
"UCTT",2024-06-18,TRUE,TRUE,TRUE,TRUE,FALSE
"UDR",2024-06-18,TRUE,TRUE,TRUE,TRUE,FALSE
"UE",2024-06-18,TRUE,TRUE,TRUE,TRUE,FALSE
"UNMA",2024-06-18,TRUE,TRUE,TRUE,TRUE,FALSE
"URBN",2024-06-18,TRUE,TRUE,TRUE,TRUE,FALSE
"URGN",2024-06-18,TRUE,TRUE,TRUE,TRUE,FALSE
"USLM",2024-06-18,TRUE,TRUE,TRUE,TRUE,FALSE
"UTHR",2024-06-18,TRUE,TRUE,TRUE,TRUE,FALSE
"UUU",2024-06-18,TRUE,TRUE,TRUE,TRUE,FALSE
"VBF",2024-06-18,TRUE,TRUE,TRUE,TRUE,FALSE
"VBFC",2024-06-18,TRUE,TRUE,TRUE,TRUE,FALSE
"VBNK",2024-06-18,TRUE,TRUE,TRUE,TRUE,FALSE
"VCV",2024-06-18,TRUE,TRUE,TRUE,TRUE,FALSE
"VECO",2024-06-18,TRUE,TRUE,TRUE,TRUE,FALSE
"VERO",2024-06-18,TRUE,TRUE,TRUE,TRUE,FALSE
"VERX",2024-06-18,TRUE,TRUE,TRUE,TRUE,FALSE
"VERY",2024-06-18,TRUE,TRUE,TRUE,TRUE,FALSE
"VFC",2024-06-18,TRUE,TRUE,TRUE,TRUE,FALSE
"VFL",2024-06-18,TRUE,TRUE,TRUE,TRUE,FALSE
"VGI",2024-06-18,TRUE,TRUE,TRUE,TRUE,FALSE
"VGM",2024-06-18,TRUE,TRUE,TRUE,TRUE,FALSE
"VIGL",2024-06-18,TRUE,TRUE,TRUE,TRUE,FALSE
"VINO",2024-06-18,TRUE,TRUE,TRUE,TRUE,FALSE
"VIOT",2024-06-18,TRUE,TRUE,TRUE,TRUE,FALSE
"VIRC",2024-06-18,TRUE,TRUE,TRUE,TRUE,FALSE
"VKI",2024-06-18,TRUE,TRUE,TRUE,TRUE,FALSE
"VKQ",2024-06-18,TRUE,TRUE,TRUE,TRUE,FALSE
"VLN",2024-06-18,TRUE,TRUE,TRUE,TRUE,FALSE
"VLT",2024-06-18,TRUE,TRUE,TRUE,TRUE,FALSE
"VMI",2024-06-18,TRUE,TRUE,TRUE,TRUE,FALSE
"VMO",2024-06-18,TRUE,TRUE,TRUE,TRUE,FALSE
"VNDA",2024-06-18,TRUE,TRUE,TRUE,TRUE,FALSE
"VPV",2024-06-18,TRUE,TRUE,TRUE,TRUE,FALSE
"VRAX",2024-06-18,TRUE,TRUE,TRUE,TRUE,FALSE
"VRNT",2024-06-18,TRUE,TRUE,TRUE,TRUE,FALSE
"VRSK",2024-06-18,TRUE,TRUE,TRUE,TRUE,FALSE
"VS",2024-06-18,TRUE,TRUE,TRUE,TRUE,FALSE
"VSSYW",2024-06-18,TRUE,TRUE,TRUE,TRUE,FALSE
"VTN",2024-06-18,TRUE,TRUE,TRUE,TRUE,FALSE
"WCN",2024-06-18,TRUE,TRUE,TRUE,TRUE,FALSE
"WDC",2024-06-18,TRUE,TRUE,TRUE,TRUE,FALSE
"WDI",2024-06-18,TRUE,TRUE,TRUE,TRUE,FALSE
"WING",2024-06-18,TRUE,TRUE,TRUE,TRUE,FALSE
"WINV",2024-06-18,TRUE,TRUE,TRUE,TRUE,FALSE
"WIT",2024-06-18,TRUE,TRUE,TRUE,TRUE,FALSE
"WKEY",2024-06-18,TRUE,TRUE,TRUE,TRUE,FALSE
"WKME",2024-06-18,TRUE,TRUE,TRUE,TRUE,FALSE
"WLGS",2024-06-18,TRUE,TRUE,TRUE,TRUE,FALSE
"WULF",2024-06-18,TRUE,TRUE,TRUE,TRUE,FALSE
"XOMAO",2024-06-18,TRUE,TRUE,TRUE,TRUE,FALSE
"XOMAP",2024-06-18,TRUE,TRUE,TRUE,TRUE,FALSE
"XWEL",2024-06-18,TRUE,TRUE,TRUE,TRUE,FALSE
"XYF",2024-06-18,TRUE,TRUE,TRUE,TRUE,FALSE
"AACI",2024-06-18,FALSE,TRUE,TRUE,TRUE,FALSE
"AAT",2024-06-18,TRUE,TRUE,TRUE,FALSE,FALSE
"ABBV",2024-06-18,TRUE,TRUE,TRUE,FALSE,FALSE
"ACLX",2024-06-18,TRUE,TRUE,TRUE,FALSE,FALSE
"ACST",2024-06-18,TRUE,TRUE,TRUE,FALSE,FALSE
"ADBE",2024-06-18,TRUE,TRUE,TRUE,FALSE,FALSE
"ADC",2024-06-18,FALSE,TRUE,TRUE,TRUE,FALSE
"ADSK",2024-06-18,TRUE,TRUE,TRUE,FALSE,FALSE
"ADUS",2024-06-18,FALSE,TRUE,TRUE,TRUE,FALSE
"ADVM",2024-06-18,TRUE,FALSE,TRUE,FALSE,TRUE
"AEHL",2024-06-18,TRUE,TRUE,TRUE,FALSE,FALSE
"AEI",2024-06-18,FALSE,TRUE,TRUE,TRUE,FALSE
"AGBA",2024-06-18,FALSE,TRUE,TRUE,TRUE,FALSE
"AGIO",2024-06-18,FALSE,TRUE,TRUE,TRUE,FALSE
"AGL",2024-06-18,FALSE,TRUE,TRUE,TRUE,FALSE
"AGNC",2024-06-18,FALSE,TRUE,TRUE,TRUE,FALSE
"AGNCN",2024-06-18,FALSE,TRUE,TRUE,TRUE,FALSE
"AI",2024-06-18,FALSE,TRUE,TRUE,TRUE,FALSE
"AIZN",2024-06-18,TRUE,TRUE,TRUE,FALSE,FALSE
"AKR",2024-06-18,TRUE,TRUE,TRUE,FALSE,FALSE
"ALCE",2024-06-18,TRUE,TRUE,FALSE,TRUE,FALSE
"ALKS",2024-06-18,TRUE,TRUE,TRUE,FALSE,FALSE
"ALLR",2024-06-18,TRUE,FALSE,TRUE,FALSE,TRUE
"ALLY",2024-06-18,TRUE,TRUE,TRUE,FALSE,FALSE
"ALSAU",2024-06-18,TRUE,TRUE,TRUE,FALSE,FALSE
"AMBA",2024-06-18,FALSE,TRUE,TRUE,TRUE,FALSE
"AMBP",2024-06-18,FALSE,TRUE,FALSE,TRUE,TRUE
"AMCX",2024-06-18,FALSE,TRUE,FALSE,TRUE,TRUE
"AMLX",2024-06-18,TRUE,FALSE,TRUE,FALSE,TRUE
"AMP",2024-06-18,TRUE,TRUE,FALSE,TRUE,FALSE
"AMPG",2024-06-18,TRUE,FALSE,TRUE,FALSE,TRUE
"AMRX",2024-06-18,FALSE,TRUE,TRUE,TRUE,FALSE
"AMZN",2024-06-18,TRUE,TRUE,TRUE,FALSE,FALSE
"ANF",2024-06-18,FALSE,TRUE,TRUE,TRUE,FALSE
"ANNX",2024-06-18,FALSE,TRUE,TRUE,TRUE,FALSE
"AOUT",2024-06-18,TRUE,TRUE,TRUE,FALSE,FALSE
"APG",2024-06-18,TRUE,TRUE,TRUE,FALSE,FALSE
"APH",2024-06-18,TRUE,TRUE,FALSE,TRUE,FALSE
"APLD",2024-06-18,TRUE,TRUE,FALSE,TRUE,FALSE
"APLMW",2024-06-18,TRUE,TRUE,TRUE,FALSE,FALSE
"APLT",2024-06-18,TRUE,TRUE,TRUE,FALSE,FALSE
"APO",2024-06-18,TRUE,TRUE,FALSE,TRUE,FALSE
"APPF",2024-06-18,FALSE,TRUE,TRUE,TRUE,FALSE
"APVO",2024-06-18,TRUE,FALSE,TRUE,FALSE,TRUE
"APXI",2024-06-18,FALSE,TRUE,TRUE,TRUE,FALSE
"ARBE",2024-06-18,TRUE,TRUE,FALSE,TRUE,FALSE
"ARBKL",2024-06-18,TRUE,TRUE,FALSE,TRUE,FALSE
"ARGX",2024-06-18,TRUE,TRUE,TRUE,FALSE,FALSE
"ARR",2024-06-18,FALSE,TRUE,TRUE,TRUE,FALSE
"ASPS",2024-06-18,FALSE,TRUE,TRUE,TRUE,FALSE
"ASTE",2024-06-18,TRUE,FALSE,TRUE,FALSE,TRUE
"ASTS",2024-06-18,FALSE,TRUE,TRUE,TRUE,FALSE
"ATCH",2024-06-18,TRUE,TRUE,FALSE,TRUE,FALSE
"ATLC",2024-06-18,TRUE,TRUE,TRUE,FALSE,FALSE
"ATLCL",2024-06-18,FALSE,TRUE,TRUE,TRUE,FALSE
"ATMC",2024-06-18,FALSE,TRUE,TRUE,TRUE,FALSE
"AUGX",2024-06-18,TRUE,FALSE,TRUE,FALSE,TRUE
"AVK",2024-06-18,FALSE,TRUE,TRUE,TRUE,FALSE
"AVPT",2024-06-18,TRUE,TRUE,FALSE,TRUE,FALSE
"AXNX",2024-06-18,TRUE,TRUE,TRUE,FALSE,FALSE
"AXSM",2024-06-18,TRUE,TRUE,FALSE,TRUE,FALSE
"AZEK",2024-06-18,TRUE,TRUE,FALSE,TRUE,FALSE
"AZTA",2024-06-18,TRUE,TRUE,TRUE,FALSE,FALSE
"B",2024-06-18,TRUE,TRUE,FALSE,TRUE,FALSE
"BANX",2024-06-18,TRUE,TRUE,TRUE,FALSE,FALSE
"BCSF",2024-06-18,FALSE,TRUE,TRUE,TRUE,FALSE
"BDN",2024-06-18,FALSE,TRUE,TRUE,TRUE,FALSE
"BFC",2024-06-18,FALSE,TRUE,TRUE,TRUE,FALSE
"BGXX",2024-06-18,FALSE,TRUE,TRUE,TRUE,FALSE
"BHM",2024-06-18,FALSE,TRUE,TRUE,TRUE,FALSE
"BHR",2024-06-18,FALSE,TRUE,TRUE,TRUE,FALSE
"BIIB",2024-06-18,FALSE,TRUE,TRUE,TRUE,FALSE
"BIOR",2024-06-18,TRUE,TRUE,TRUE,FALSE,FALSE
"BIPH",2024-06-18,FALSE,TRUE,TRUE,TRUE,FALSE
"BIPI",2024-06-18,FALSE,TRUE,TRUE,TRUE,FALSE
"BLEU",2024-06-18,FALSE,TRUE,TRUE,TRUE,FALSE
"BLMN",2024-06-18,TRUE,FALSE,TRUE,FALSE,TRUE
"BLUA",2024-06-18,TRUE,TRUE,FALSE,TRUE,FALSE
"BLW",2024-06-18,FALSE,TRUE,TRUE,TRUE,FALSE
"BLZE",2024-06-18,TRUE,FALSE,TRUE,FALSE,TRUE
"BMBL",2024-06-18,FALSE,TRUE,FALSE,TRUE,TRUE
"BMN",2024-06-18,TRUE,TRUE,FALSE,TRUE,FALSE
"BNJ",2024-06-18,TRUE,TRUE,TRUE,FALSE,FALSE
"BPMC",2024-06-18,FALSE,TRUE,TRUE,TRUE,FALSE
"BPRN",2024-06-18,TRUE,TRUE,FALSE,TRUE,FALSE
"BPT",2024-06-18,TRUE,TRUE,TRUE,FALSE,FALSE
"BPYPM",2024-06-18,FALSE,TRUE,TRUE,TRUE,FALSE
"BRKH",2024-06-18,FALSE,TRUE,TRUE,TRUE,FALSE
"BRO",2024-06-18,TRUE,TRUE,FALSE,TRUE,FALSE
"BROS",2024-06-18,FALSE,TRUE,TRUE,TRUE,FALSE
"BRX",2024-06-18,FALSE,TRUE,TRUE,TRUE,FALSE
"BSBK",2024-06-18,TRUE,TRUE,FALSE,TRUE,FALSE
"BTBT",2024-06-18,TRUE,TRUE,FALSE,TRUE,FALSE
"BTZ",2024-06-18,FALSE,TRUE,TRUE,TRUE,FALSE
"BURL",2024-06-18,FALSE,TRUE,TRUE,TRUE,FALSE
"BVFL",2024-06-18,TRUE,TRUE,FALSE,TRUE,FALSE
"BWFG",2024-06-18,TRUE,TRUE,FALSE,TRUE,FALSE
"BWG",2024-06-18,FALSE,TRUE,TRUE,TRUE,FALSE
"BXMX",2024-06-18,FALSE,TRUE,TRUE,TRUE,FALSE
"BXSL",2024-06-18,TRUE,TRUE,TRUE,FALSE,FALSE
"BYSI",2024-06-18,TRUE,TRUE,FALSE,TRUE,FALSE
"CAMT",2024-06-18,TRUE,TRUE,FALSE,TRUE,FALSE
"CANG",2024-06-18,FALSE,TRUE,TRUE,TRUE,FALSE
"CARR",2024-06-18,TRUE,TRUE,FALSE,TRUE,FALSE
"CBH",2024-06-18,FALSE,TRUE,TRUE,TRUE,FALSE
"CBL",2024-06-18,FALSE,TRUE,TRUE,TRUE,FALSE
"CBRG",2024-06-18,FALSE,TRUE,TRUE,TRUE,FALSE
"CBZ",2024-06-18,TRUE,TRUE,FALSE,TRUE,FALSE
"CCAP",2024-06-18,FALSE,TRUE,TRUE,TRUE,FALSE
"CCEP",2024-06-18,FALSE,TRUE,TRUE,TRUE,FALSE
"CCIF",2024-06-18,FALSE,TRUE,TRUE,TRUE,FALSE
"CCLDP",2024-06-18,FALSE,TRUE,TRUE,TRUE,FALSE
"CCRD",2024-06-18,FALSE,TRUE,TRUE,TRUE,FALSE
"CEM",2024-06-18,FALSE,TRUE,TRUE,TRUE,FALSE
"CETX",2024-06-18,TRUE,FALSE,TRUE,FALSE,TRUE
"CFB",2024-06-18,TRUE,TRUE,FALSE,TRUE,FALSE
"CGNT",2024-06-18,FALSE,TRUE,TRUE,TRUE,FALSE
"CGNX",2024-06-18,TRUE,TRUE,FALSE,TRUE,FALSE
"CGTX",2024-06-18,TRUE,TRUE,FALSE,TRUE,FALSE
"CHE",2024-06-18,TRUE,FALSE,TRUE,FALSE,TRUE
"CHKP",2024-06-18,TRUE,TRUE,TRUE,FALSE,FALSE
"CHSCO",2024-06-18,FALSE,TRUE,TRUE,TRUE,FALSE
"CHT",2024-06-18,TRUE,TRUE,FALSE,TRUE,FALSE
"CHY",2024-06-18,FALSE,TRUE,TRUE,TRUE,FALSE
"CLNN",2024-06-18,TRUE,TRUE,TRUE,FALSE,FALSE
"CLRC",2024-06-18,TRUE,TRUE,FALSE,TRUE,FALSE
"CNK",2024-06-18,TRUE,TRUE,TRUE,FALSE,FALSE
"CNMD",2024-06-18,FALSE,TRUE,FALSE,TRUE,TRUE
"COGT",2024-06-18,FALSE,TRUE,TRUE,TRUE,FALSE
"COOL",2024-06-18,FALSE,TRUE,TRUE,TRUE,FALSE
"COOLU",2024-06-18,FALSE,TRUE,TRUE,TRUE,FALSE
"COR",2024-06-18,TRUE,TRUE,TRUE,FALSE,FALSE
"COSM",2024-06-18,TRUE,TRUE,FALSE,TRUE,FALSE
"COUR",2024-06-18,TRUE,FALSE,TRUE,FALSE,TRUE
"CPAC",2024-06-18,FALSE,TRUE,TRUE,TRUE,FALSE
"CRBP",2024-06-18,FALSE,TRUE,TRUE,TRUE,FALSE
"CRCT",2024-06-18,FALSE,TRUE,TRUE,TRUE,FALSE
"CRF",2024-06-18,FALSE,TRUE,TRUE,TRUE,FALSE
"CRML",2024-06-18,TRUE,TRUE,FALSE,TRUE,FALSE
"CRNC",2024-06-18,TRUE,FALSE,TRUE,FALSE,TRUE
"CROX",2024-06-18,TRUE,TRUE,FALSE,TRUE,FALSE
"CSLM",2024-06-18,FALSE,TRUE,TRUE,TRUE,FALSE
"CSR",2024-06-18,FALSE,TRUE,TRUE,TRUE,FALSE
"CSV",2024-06-18,FALSE,TRUE,TRUE,TRUE,FALSE
"CTBB",2024-06-18,FALSE,TRUE,TRUE,TRUE,FALSE
"CTDD",2024-06-18,FALSE,TRUE,TRUE,TRUE,FALSE
"CTR",2024-06-18,FALSE,TRUE,TRUE,TRUE,FALSE
"CVNA",2024-06-18,FALSE,TRUE,TRUE,TRUE,FALSE
"CYRX",2024-06-18,TRUE,FALSE,TRUE,FALSE,TRUE
"CZWI",2024-06-18,TRUE,TRUE,FALSE,TRUE,FALSE
"D",2024-06-18,FALSE,TRUE,FALSE,TRUE,TRUE
"DBL",2024-06-18,FALSE,TRUE,TRUE,TRUE,FALSE
"DBRG",2024-06-18,TRUE,FALSE,TRUE,FALSE,TRUE
"DCTH",2024-06-18,TRUE,TRUE,FALSE,TRUE,FALSE
"DDD",2024-06-18,FALSE,TRUE,TRUE,TRUE,FALSE
"DGHI",2024-06-18,TRUE,TRUE,TRUE,FALSE,FALSE
"DLA",2024-06-18,TRUE,FALSE,TRUE,FALSE,TRUE
"DLHC",2024-06-18,FALSE,TRUE,TRUE,TRUE,FALSE
"DLO",2024-06-18,TRUE,FALSE,TRUE,FALSE,TRUE
"DLY",2024-06-18,FALSE,TRUE,TRUE,TRUE,FALSE
"DMA",2024-06-18,FALSE,TRUE,TRUE,TRUE,FALSE
"DNLI",2024-06-18,FALSE,TRUE,TRUE,TRUE,FALSE
"DNTH",2024-06-18,TRUE,TRUE,TRUE,FALSE,FALSE
"DOC",2024-06-18,FALSE,TRUE,TRUE,TRUE,FALSE
"DOGZ",2024-06-18,FALSE,TRUE,TRUE,TRUE,FALSE
"DSGX",2024-06-18,TRUE,TRUE,FALSE,TRUE,FALSE
"DSL",2024-06-18,FALSE,TRUE,TRUE,TRUE,FALSE
"DTG",2024-06-18,FALSE,TRUE,TRUE,TRUE,FALSE
"DTIL",2024-06-18,FALSE,TRUE,FALSE,TRUE,TRUE
"DTM",2024-06-18,FALSE,TRUE,TRUE,TRUE,FALSE
"DTW",2024-06-18,TRUE,TRUE,TRUE,FALSE,FALSE
"DUKB",2024-06-18,FALSE,TRUE,TRUE,TRUE,FALSE
"EA",2024-06-18,TRUE,TRUE,FALSE,TRUE,FALSE
"EBS",2024-06-18,FALSE,TRUE,TRUE,TRUE,FALSE
"EDRY",2024-06-18,TRUE,TRUE,FALSE,TRUE,FALSE
"EE",2024-06-18,FALSE,TRUE,TRUE,TRUE,FALSE
"EFOI",2024-06-18,TRUE,TRUE,FALSE,TRUE,FALSE
"EFT",2024-06-18,TRUE,TRUE,TRUE,FALSE,FALSE
"EFTR",2024-06-18,TRUE,FALSE,TRUE,FALSE,TRUE
"ELA",2024-06-18,FALSE,TRUE,TRUE,TRUE,FALSE
"ELUT",2024-06-18,FALSE,TRUE,TRUE,TRUE,FALSE
"ELV",2024-06-18,FALSE,TRUE,TRUE,TRUE,FALSE
"EMCG",2024-06-18,FALSE,TRUE,TRUE,TRUE,FALSE
"EMF",2024-06-18,TRUE,TRUE,FALSE,TRUE,FALSE
"EMN",2024-06-18,FALSE,TRUE,TRUE,TRUE,FALSE
"EMO",2024-06-18,FALSE,TRUE,TRUE,TRUE,FALSE
"EOSE",2024-06-18,TRUE,TRUE,TRUE,FALSE,FALSE
"EPAM",2024-06-18,TRUE,FALSE,TRUE,FALSE,TRUE
"EPRT",2024-06-18,FALSE,TRUE,TRUE,TRUE,FALSE
"EQIX",2024-06-18,TRUE,TRUE,FALSE,TRUE,FALSE
"ESGR",2024-06-18,TRUE,TRUE,FALSE,TRUE,FALSE
"ESOA",2024-06-18,TRUE,TRUE,TRUE,FALSE,FALSE
"ETX",2024-06-18,TRUE,TRUE,FALSE,TRUE,FALSE
"EVCM",2024-06-18,TRUE,TRUE,FALSE,TRUE,FALSE
"EVG",2024-06-18,FALSE,TRUE,TRUE,TRUE,FALSE
"EVGR",2024-06-18,TRUE,TRUE,FALSE,TRUE,FALSE
"EVR",2024-06-18,TRUE,TRUE,FALSE,TRUE,FALSE
"EXAI",2024-06-18,FALSE,TRUE,TRUE,TRUE,FALSE
"EXPD",2024-06-18,FALSE,TRUE,TRUE,TRUE,FALSE
"EYPT",2024-06-18,TRUE,FALSE,TRUE,FALSE,TRUE
"FBIOP",2024-06-18,FALSE,TRUE,TRUE,TRUE,FALSE
"FBRT",2024-06-18,TRUE,TRUE,TRUE,FALSE,FALSE
"FCCO",2024-06-18,TRUE,TRUE,FALSE,TRUE,FALSE
"FCPT",2024-06-18,FALSE,TRUE,TRUE,TRUE,FALSE
"FENG",2024-06-18,FALSE,TRUE,TRUE,TRUE,FALSE
"FGBIP",2024-06-18,TRUE,TRUE,TRUE,FALSE,FALSE
"FIX",2024-06-18,TRUE,TRUE,FALSE,TRUE,FALSE
"FKWL",2024-06-18,TRUE,TRUE,FALSE,TRUE,FALSE
"FMY",2024-06-18,TRUE,TRUE,TRUE,FALSE,FALSE
"FNCB",2024-06-18,TRUE,TRUE,FALSE,TRUE,FALSE
"FNKO",2024-06-18,FALSE,TRUE,TRUE,TRUE,FALSE
"FORM",2024-06-18,TRUE,TRUE,FALSE,TRUE,FALSE
"FOSL",2024-06-18,TRUE,TRUE,FALSE,TRUE,FALSE
"FOUR",2024-06-18,FALSE,TRUE,TRUE,TRUE,FALSE
"FRHC",2024-06-18,TRUE,TRUE,FALSE,TRUE,FALSE
"FRLA",2024-06-18,FALSE,TRUE,TRUE,TRUE,FALSE
"FRSH",2024-06-18,TRUE,FALSE,TRUE,FALSE,TRUE
"FSD",2024-06-18,FALSE,TRUE,TRUE,TRUE,FALSE
"FSLY",2024-06-18,TRUE,FALSE,TRUE,FALSE,TRUE
"FSV",2024-06-18,TRUE,TRUE,TRUE,FALSE,FALSE
"FTAIM",2024-06-18,TRUE,TRUE,FALSE,TRUE,FALSE
"FTF",2024-06-18,FALSE,TRUE,TRUE,TRUE,FALSE
"FTK",2024-06-18,FALSE,TRUE,TRUE,TRUE,FALSE
"FUFU",2024-06-18,TRUE,TRUE,FALSE,TRUE,FALSE
"FUL",2024-06-18,TRUE,TRUE,FALSE,TRUE,FALSE
"FUNC",2024-06-18,TRUE,FALSE,TRUE,FALSE,TRUE
"FUSB",2024-06-18,FALSE,TRUE,TRUE,TRUE,FALSE
"GAINL",2024-06-18,TRUE,TRUE,TRUE,FALSE,FALSE
"GCI",2024-06-18,FALSE,TRUE,TRUE,TRUE,FALSE
"GDRX",2024-06-18,FALSE,TRUE,TRUE,TRUE,FALSE
"GDS",2024-06-18,FALSE,TRUE,TRUE,TRUE,FALSE
"GECC",2024-06-18,FALSE,TRUE,TRUE,TRUE,FALSE
"GGAL",2024-06-18,FALSE,TRUE,TRUE,TRUE,FALSE
"GH",2024-06-18,FALSE,TRUE,TRUE,TRUE,FALSE
"GHM",2024-06-18,TRUE,TRUE,TRUE,FALSE,FALSE
"GJO",2024-06-18,TRUE,TRUE,TRUE,FALSE,FALSE
"GJP",2024-06-18,TRUE,TRUE,TRUE,FALSE,FALSE
"GLAD",2024-06-18,FALSE,TRUE,TRUE,TRUE,FALSE
"GLLI",2024-06-18,TRUE,TRUE,FALSE,TRUE,FALSE
"GLP",2024-06-18,FALSE,TRUE,TRUE,TRUE,FALSE
"GLW",2024-06-18,TRUE,TRUE,FALSE,TRUE,FALSE
"GLYC",2024-06-18,TRUE,FALSE,TRUE,FALSE,TRUE
"GME",2024-06-18,FALSE,TRUE,TRUE,TRUE,FALSE
"GODNU",2024-06-18,FALSE,TRUE,TRUE,TRUE,FALSE
"GOF",2024-06-18,FALSE,TRUE,TRUE,TRUE,FALSE
"GOLF",2024-06-18,FALSE,TRUE,TRUE,TRUE,FALSE
"GPCR",2024-06-18,FALSE,TRUE,TRUE,TRUE,FALSE
"GPS",2024-06-18,FALSE,TRUE,TRUE,TRUE,FALSE
"GRBK",2024-06-18,TRUE,TRUE,TRUE,FALSE,FALSE
"GVA",2024-06-18,TRUE,TRUE,FALSE,TRUE,FALSE
"HCI",2024-06-18,TRUE,FALSE,TRUE,FALSE,TRUE
"HCVI",2024-06-18,FALSE,TRUE,TRUE,TRUE,FALSE
"HCVIU",2024-06-18,FALSE,TRUE,FALSE,TRUE,TRUE
"HD",2024-06-18,TRUE,TRUE,TRUE,FALSE,FALSE
"HEI",2024-06-18,FALSE,TRUE,TRUE,TRUE,FALSE
"HHH",2024-06-18,FALSE,TRUE,TRUE,TRUE,FALSE
"HIG",2024-06-18,TRUE,TRUE,FALSE,TRUE,FALSE
"HLVX",2024-06-18,TRUE,TRUE,TRUE,FALSE,FALSE
"HNNAZ",2024-06-18,TRUE,TRUE,FALSE,TRUE,FALSE
"HNW",2024-06-18,FALSE,TRUE,TRUE,TRUE,FALSE
"HOVNP",2024-06-18,TRUE,TRUE,TRUE,FALSE,FALSE
"HPF",2024-06-18,FALSE,TRUE,TRUE,TRUE,FALSE
"HPI",2024-06-18,FALSE,TRUE,TRUE,TRUE,FALSE
"HPS",2024-06-18,FALSE,TRUE,TRUE,TRUE,FALSE
"HRB",2024-06-18,TRUE,TRUE,FALSE,TRUE,FALSE
"HROWM",2024-06-18,TRUE,TRUE,FALSE,TRUE,FALSE
"HRZN",2024-06-18,FALSE,TRUE,TRUE,TRUE,FALSE
"HSDT",2024-06-18,TRUE,FALSE,TRUE,FALSE,TRUE
"HSPO",2024-06-18,TRUE,TRUE,FALSE,TRUE,FALSE
"HSTM",2024-06-18,FALSE,TRUE,TRUE,TRUE,FALSE
"HTBI",2024-06-18,TRUE,TRUE,FALSE,TRUE,FALSE
"HTFC",2024-06-18,FALSE,TRUE,TRUE,TRUE,FALSE
"HUDAU",2024-06-18,FALSE,TRUE,TRUE,TRUE,FALSE
"HUIZ",2024-06-18,FALSE,TRUE,TRUE,TRUE,FALSE
"HYB",2024-06-18,FALSE,TRUE,TRUE,TRUE,FALSE
"HYT",2024-06-18,FALSE,TRUE,TRUE,TRUE,FALSE
"HZO",2024-06-18,FALSE,TRUE,TRUE,TRUE,FALSE
"IDN",2024-06-18,FALSE,TRUE,TRUE,TRUE,FALSE
"IFIN",2024-06-18,TRUE,TRUE,FALSE,TRUE,FALSE
"IGA",2024-06-18,FALSE,TRUE,TRUE,TRUE,FALSE
"IGR",2024-06-18,FALSE,TRUE,TRUE,TRUE,FALSE
"IGT",2024-06-18,FALSE,TRUE,TRUE,TRUE,FALSE
"IHD",2024-06-18,TRUE,TRUE,FALSE,TRUE,FALSE
"IKNA",2024-06-18,FALSE,TRUE,TRUE,TRUE,FALSE
"IMTX",2024-06-18,FALSE,TRUE,TRUE,TRUE,FALSE
"INAB",2024-06-18,FALSE,TRUE,TRUE,TRUE,FALSE
"INSM",2024-06-18,FALSE,TRUE,TRUE,TRUE,FALSE
"INVA",2024-06-18,FALSE,TRUE,TRUE,TRUE,FALSE
"INZY",2024-06-18,FALSE,TRUE,TRUE,TRUE,FALSE
"IR",2024-06-18,TRUE,TRUE,FALSE,TRUE,FALSE
"IRBT",2024-06-18,FALSE,TRUE,TRUE,TRUE,FALSE
"ISRL",2024-06-18,FALSE,TRUE,TRUE,TRUE,FALSE
"ITP",2024-06-18,FALSE,TRUE,TRUE,TRUE,FALSE
"JAZZ",2024-06-18,TRUE,TRUE,TRUE,FALSE,FALSE
"JCTCF",2024-06-18,TRUE,TRUE,FALSE,TRUE,FALSE
"JFR",2024-06-18,FALSE,TRUE,TRUE,TRUE,FALSE
"JNPR",2024-06-18,TRUE,TRUE,TRUE,FALSE,FALSE
"JOBY",2024-06-18,TRUE,TRUE,TRUE,FALSE,FALSE
"JQC",2024-06-18,FALSE,TRUE,TRUE,TRUE,FALSE
"KACL",2024-06-18,TRUE,TRUE,FALSE,TRUE,FALSE
"KF",2024-06-18,TRUE,TRUE,TRUE,FALSE,FALSE
"KFY",2024-06-18,TRUE,TRUE,FALSE,TRUE,FALSE
"KIND",2024-06-18,TRUE,TRUE,FALSE,TRUE,FALSE
"KMI",2024-06-18,FALSE,TRUE,TRUE,TRUE,FALSE
"KNOP",2024-06-18,FALSE,TRUE,TRUE,TRUE,FALSE
"KNW",2024-06-18,FALSE,TRUE,TRUE,TRUE,FALSE
"KRG",2024-06-18,FALSE,TRUE,TRUE,TRUE,FALSE
"KRMD",2024-06-18,TRUE,TRUE,TRUE,FALSE,FALSE
"KRT",2024-06-18,TRUE,TRUE,FALSE,TRUE,FALSE
"KSCP",2024-06-18,TRUE,FALSE,TRUE,FALSE,TRUE
"LANDO",2024-06-18,FALSE,TRUE,TRUE,TRUE,FALSE
"LANDP",2024-06-18,FALSE,TRUE,TRUE,TRUE,FALSE
"LBRDP",2024-06-18,FALSE,TRUE,TRUE,TRUE,FALSE
"LBTYA",2024-06-18,FALSE,TRUE,TRUE,TRUE,FALSE
"LBTYB",2024-06-18,FALSE,TRUE,TRUE,TRUE,FALSE
"LECO",2024-06-18,TRUE,FALSE,TRUE,FALSE,TRUE
"LENZ",2024-06-18,TRUE,TRUE,TRUE,FALSE,FALSE
"LFMDP",2024-06-18,TRUE,TRUE,TRUE,FALSE,FALSE
"LFUS",2024-06-18,TRUE,TRUE,FALSE,TRUE,FALSE
"LGVN",2024-06-18,TRUE,TRUE,TRUE,FALSE,FALSE
"LI",2024-06-18,TRUE,FALSE,TRUE,FALSE,TRUE
"LITB",2024-06-18,TRUE,TRUE,TRUE,FALSE,FALSE
"LMAT",2024-06-18,TRUE,TRUE,FALSE,TRUE,FALSE
"LNG",2024-06-18,FALSE,TRUE,TRUE,TRUE,FALSE
"LOGC",2024-06-18,TRUE,TRUE,TRUE,FALSE,FALSE
"LRMR",2024-06-18,FALSE,TRUE,TRUE,TRUE,FALSE
"LSF",2024-06-18,FALSE,TRUE,TRUE,TRUE,FALSE
"LSTR",2024-06-18,FALSE,TRUE,TRUE,TRUE,FALSE
"LUV",2024-06-18,TRUE,TRUE,TRUE,FALSE,FALSE
"LVWR",2024-06-18,TRUE,TRUE,TRUE,FALSE,FALSE
"LXP",2024-06-18,TRUE,TRUE,TRUE,FALSE,FALSE
"LXRX",2024-06-18,TRUE,TRUE,TRUE,FALSE,FALSE
"LXU",2024-06-18,FALSE,TRUE,FALSE,TRUE,TRUE
"LYRA",2024-06-18,TRUE,FALSE,TRUE,FALSE,TRUE
"LZ",2024-06-18,TRUE,FALSE,TRUE,FALSE,TRUE
"LZB",2024-06-18,TRUE,TRUE,FALSE,TRUE,FALSE
"MACA",2024-06-18,FALSE,TRUE,TRUE,TRUE,FALSE
"MAYS",2024-06-18,TRUE,FALSE,TRUE,FALSE,TRUE
"MBIO",2024-06-18,TRUE,TRUE,TRUE,FALSE,FALSE
"MBNKP",2024-06-18,FALSE,TRUE,TRUE,TRUE,FALSE
"MCBS",2024-06-18,TRUE,TRUE,FALSE,TRUE,FALSE
"MCO",2024-06-18,TRUE,TRUE,FALSE,TRUE,FALSE
"MCR",2024-06-18,FALSE,TRUE,TRUE,TRUE,FALSE
"MCVT",2024-06-18,FALSE,TRUE,TRUE,TRUE,FALSE
"MCW",2024-06-18,TRUE,TRUE,TRUE,FALSE,FALSE
"MDRR",2024-06-18,TRUE,TRUE,FALSE,TRUE,FALSE
"MDXH",2024-06-18,FALSE,TRUE,TRUE,TRUE,FALSE
"MEC",2024-06-18,FALSE,TRUE,TRUE,TRUE,FALSE
"MEG",2024-06-18,TRUE,TRUE,FALSE,TRUE,FALSE
"MFA",2024-06-18,TRUE,TRUE,TRUE,FALSE,FALSE
"MFD",2024-06-18,FALSE,TRUE,TRUE,TRUE,FALSE
"MFH",2024-06-18,FALSE,TRUE,TRUE,TRUE,FALSE
"MGR",2024-06-18,TRUE,TRUE,TRUE,FALSE,FALSE
"MHI",2024-06-18,FALSE,TRUE,TRUE,TRUE,FALSE
"MHN",2024-06-18,FALSE,TRUE,TRUE,TRUE,FALSE
"MITQ",2024-06-18,FALSE,TRUE,TRUE,TRUE,FALSE
"MLGO",2024-06-18,FALSE,TRUE,TRUE,TRUE,FALSE
"MLYS",2024-06-18,FALSE,TRUE,TRUE,TRUE,FALSE
"MMYT",2024-06-18,FALSE,TRUE,TRUE,TRUE,FALSE
"MNKD",2024-06-18,TRUE,TRUE,FALSE,TRUE,FALSE
"MNY",2024-06-18,TRUE,TRUE,FALSE,TRUE,FALSE
"MODD",2024-06-18,TRUE,TRUE,TRUE,FALSE,FALSE
"MPAA",2024-06-18,TRUE,TRUE,TRUE,FALSE,FALSE
"MRCC",2024-06-18,FALSE,TRUE,TRUE,TRUE,FALSE
"MRK",2024-06-18,FALSE,TRUE,TRUE,TRUE,FALSE
"MRO",2024-06-18,FALSE,TRUE,TRUE,TRUE,FALSE
"MRVL",2024-06-18,TRUE,TRUE,FALSE,TRUE,FALSE
"MTG",2024-06-18,FALSE,TRUE,TRUE,TRUE,FALSE
"MYE",2024-06-18,TRUE,FALSE,TRUE,FALSE,TRUE
"MYI",2024-06-18,TRUE,TRUE,TRUE,FALSE,FALSE
"MYN",2024-06-18,FALSE,TRUE,TRUE,TRUE,FALSE
"NBSTU",2024-06-18,FALSE,TRUE,FALSE,TRUE,TRUE
"NCNO",2024-06-18,TRUE,TRUE,TRUE,FALSE,FALSE
"NCV",2024-06-18,FALSE,TRUE,TRUE,TRUE,FALSE
"NCZ",2024-06-18,FALSE,TRUE,TRUE,TRUE,FALSE
"NEWTZ",2024-06-18,FALSE,TRUE,TRUE,TRUE,FALSE
"NFLX",2024-06-18,TRUE,TRUE,FALSE,TRUE,FALSE
"NGNE",2024-06-18,FALSE,TRUE,TRUE,TRUE,FALSE
"NICE",2024-06-18,TRUE,FALSE,TRUE,FALSE,TRUE
"NIE",2024-06-18,FALSE,TRUE,TRUE,TRUE,FALSE
"NKX",2024-06-18,TRUE,TRUE,TRUE,FALSE,FALSE
"NPFD",2024-06-18,FALSE,TRUE,TRUE,TRUE,FALSE
"NRIX",2024-06-18,TRUE,TRUE,FALSE,TRUE,FALSE
"NSIT",2024-06-18,TRUE,TRUE,FALSE,TRUE,FALSE
"NSTS",2024-06-18,FALSE,TRUE,TRUE,TRUE,FALSE
"NTB",2024-06-18,FALSE,TRUE,TRUE,TRUE,FALSE
"NUW",2024-06-18,TRUE,TRUE,TRUE,FALSE,FALSE
"NVO",2024-06-18,FALSE,TRUE,TRUE,TRUE,FALSE
"NVOS",2024-06-18,FALSE,TRUE,TRUE,TRUE,FALSE
"NVS",2024-06-18,FALSE,TRUE,TRUE,TRUE,FALSE
"NVTS",2024-06-18,TRUE,TRUE,TRUE,FALSE,FALSE
"NWLI",2024-06-18,FALSE,TRUE,TRUE,TRUE,FALSE
"NXC",2024-06-18,TRUE,TRUE,TRUE,FALSE,FALSE
"NXGL",2024-06-18,TRUE,TRUE,TRUE,FALSE,FALSE
"NXJ",2024-06-18,TRUE,TRUE,TRUE,FALSE,FALSE
"NYMTN",2024-06-18,TRUE,TRUE,FALSE,TRUE,FALSE
"NYMTZ",2024-06-18,TRUE,TRUE,FALSE,TRUE,FALSE
"OAKUR",2024-06-18,TRUE,TRUE,TRUE,FALSE,FALSE
"OBIO",2024-06-18,FALSE,TRUE,TRUE,TRUE,FALSE
"OHI",2024-06-18,TRUE,TRUE,FALSE,TRUE,FALSE
"OLMA",2024-06-18,FALSE,TRUE,TRUE,TRUE,FALSE
"OLPX",2024-06-18,FALSE,TRUE,TRUE,TRUE,FALSE
"OMEX",2024-06-18,FALSE,TRUE,TRUE,TRUE,FALSE
"ONYX",2024-06-18,FALSE,TRUE,TRUE,TRUE,FALSE
"OOMA",2024-06-18,FALSE,TRUE,TRUE,TRUE,FALSE
"OPFI",2024-06-18,TRUE,TRUE,FALSE,TRUE,FALSE
"OPP",2024-06-18,FALSE,TRUE,TRUE,TRUE,FALSE
"ORGS",2024-06-18,TRUE,TRUE,TRUE,FALSE,FALSE
"ORN",2024-06-18,FALSE,TRUE,TRUE,TRUE,FALSE
"OXLCM",2024-06-18,FALSE,TRUE,TRUE,TRUE,FALSE
"OXLCN",2024-06-18,FALSE,TRUE,TRUE,TRUE,FALSE
"OXSQG",2024-06-18,TRUE,TRUE,FALSE,TRUE,FALSE
"OXSQZ",2024-06-18,TRUE,TRUE,FALSE,TRUE,FALSE
"PAR",2024-06-18,TRUE,TRUE,FALSE,TRUE,FALSE
"PARR",2024-06-18,TRUE,FALSE,TRUE,FALSE,TRUE
"PBHC",2024-06-18,FALSE,TRUE,TRUE,TRUE,FALSE
"PDM",2024-06-18,TRUE,TRUE,FALSE,TRUE,FALSE
"PEPG",2024-06-18,FALSE,TRUE,TRUE,TRUE,FALSE
"PET",2024-06-18,TRUE,FALSE,TRUE,FALSE,TRUE
"PETQ",2024-06-18,FALSE,TRUE,TRUE,TRUE,FALSE
"PETS",2024-06-18,TRUE,TRUE,TRUE,FALSE,FALSE
"PFIS",2024-06-18,TRUE,TRUE,FALSE,TRUE,FALSE
"PFX",2024-06-18,TRUE,TRUE,FALSE,TRUE,FALSE
"PGEN",2024-06-18,FALSE,TRUE,TRUE,TRUE,FALSE
"PGY",2024-06-18,FALSE,TRUE,TRUE,TRUE,FALSE
"PGZ",2024-06-18,FALSE,TRUE,TRUE,TRUE,FALSE
"PHD",2024-06-18,FALSE,TRUE,TRUE,TRUE,FALSE
"PHI",2024-06-18,FALSE,TRUE,TRUE,TRUE,FALSE
"PHM",2024-06-18,FALSE,TRUE,TRUE,TRUE,FALSE
"PHT",2024-06-18,TRUE,TRUE,TRUE,FALSE,FALSE
"PIII",2024-06-18,TRUE,TRUE,TRUE,FALSE,FALSE
"PIM",2024-06-18,FALSE,TRUE,TRUE,TRUE,FALSE
"PINS",2024-06-18,FALSE,TRUE,TRUE,TRUE,FALSE
"PIPR",2024-06-18,TRUE,TRUE,FALSE,TRUE,FALSE
"PKOH",2024-06-18,TRUE,TRUE,FALSE,TRUE,FALSE
"PL",2024-06-18,FALSE,TRUE,TRUE,TRUE,FALSE
"PLCE",2024-06-18,FALSE,TRUE,FALSE,TRUE,TRUE
"PLYM",2024-06-18,TRUE,TRUE,TRUE,FALSE,FALSE
"PMCB",2024-06-18,TRUE,TRUE,TRUE,FALSE,FALSE
"PML",2024-06-18,FALSE,TRUE,TRUE,TRUE,FALSE
"PPSI",2024-06-18,TRUE,TRUE,TRUE,FALSE,FALSE
"PPYA",2024-06-18,TRUE,TRUE,TRUE,FALSE,FALSE
"PPYAU",2024-06-18,TRUE,TRUE,TRUE,FALSE,FALSE
"PRI",2024-06-18,TRUE,TRUE,FALSE,TRUE,FALSE
"PRSO",2024-06-18,TRUE,TRUE,TRUE,FALSE,FALSE
"PSF",2024-06-18,FALSE,TRUE,TRUE,TRUE,FALSE
"PTGX",2024-06-18,FALSE,TRUE,TRUE,TRUE,FALSE
"PVBC",2024-06-18,FALSE,TRUE,TRUE,TRUE,FALSE
"PXLW",2024-06-18,TRUE,FALSE,TRUE,FALSE,TRUE
"PYCR",2024-06-18,TRUE,FALSE,TRUE,FALSE,TRUE
"PZC",2024-06-18,TRUE,TRUE,TRUE,FALSE,FALSE
"QCOM",2024-06-18,TRUE,TRUE,FALSE,TRUE,FALSE
"QFIN",2024-06-18,FALSE,TRUE,TRUE,TRUE,FALSE
"QGEN",2024-06-18,FALSE,TRUE,TRUE,TRUE,FALSE
"QQQX",2024-06-18,FALSE,TRUE,TRUE,TRUE,FALSE
"QRVO",2024-06-18,TRUE,TRUE,TRUE,FALSE,FALSE
"RAPT",2024-06-18,TRUE,FALSE,TRUE,FALSE,TRUE
"RCRT",2024-06-18,FALSE,TRUE,TRUE,TRUE,FALSE
"RDFN",2024-06-18,FALSE,TRUE,TRUE,TRUE,FALSE
"RENE",2024-06-18,FALSE,TRUE,TRUE,TRUE,FALSE
"RETO",2024-06-18,FALSE,TRUE,TRUE,TRUE,FALSE
"REVB",2024-06-18,TRUE,TRUE,TRUE,FALSE,FALSE
"REXR",2024-06-18,TRUE,TRUE,TRUE,FALSE,FALSE
"RFI",2024-06-18,FALSE,TRUE,TRUE,TRUE,FALSE
"RFIL",2024-06-18,TRUE,TRUE,FALSE,TRUE,FALSE
"RFM",2024-06-18,FALSE,TRUE,TRUE,TRUE,FALSE
"RGCO",2024-06-18,FALSE,TRUE,TRUE,TRUE,FALSE
"RGF",2024-06-18,FALSE,TRUE,TRUE,TRUE,FALSE
"RGLS",2024-06-18,TRUE,TRUE,TRUE,FALSE,FALSE
"RIVN",2024-06-18,FALSE,TRUE,TRUE,TRUE,FALSE
"RKT",2024-06-18,FALSE,TRUE,TRUE,TRUE,FALSE
"RM",2024-06-18,FALSE,TRUE,TRUE,TRUE,FALSE
"RMAX",2024-06-18,FALSE,TRUE,TRUE,TRUE,FALSE
"ROAD",2024-06-18,TRUE,TRUE,FALSE,TRUE,FALSE
"RQI",2024-06-18,FALSE,TRUE,TRUE,TRUE,FALSE
"RRGB",2024-06-18,FALSE,TRUE,TRUE,TRUE,FALSE
"RSF",2024-06-18,TRUE,TRUE,TRUE,FALSE,FALSE
"RVP",2024-06-18,TRUE,TRUE,TRUE,FALSE,FALSE
"RXO",2024-06-18,FALSE,TRUE,TRUE,TRUE,FALSE
"RYTM",2024-06-18,TRUE,TRUE,TRUE,FALSE,FALSE
"RZC",2024-06-18,TRUE,TRUE,TRUE,FALSE,FALSE
"SAH",2024-06-18,FALSE,TRUE,TRUE,TRUE,FALSE
"SBFG",2024-06-18,TRUE,TRUE,FALSE,TRUE,FALSE
"SBI",2024-06-18,TRUE,TRUE,TRUE,FALSE,FALSE
"SBR",2024-06-18,FALSE,TRUE,TRUE,TRUE,FALSE
"SBRA",2024-06-18,TRUE,TRUE,FALSE,TRUE,FALSE
"SCCB",2024-06-18,FALSE,TRUE,FALSE,TRUE,TRUE
"SCWX",2024-06-18,FALSE,TRUE,TRUE,TRUE,FALSE
"SDHY",2024-06-18,FALSE,TRUE,TRUE,TRUE,FALSE
"SFBC",2024-06-18,FALSE,TRUE,TRUE,TRUE,FALSE
"SGHT",2024-06-18,FALSE,TRUE,TRUE,TRUE,FALSE
"SGLY",2024-06-18,TRUE,TRUE,TRUE,FALSE,FALSE
"SGU",2024-06-18,FALSE,TRUE,TRUE,TRUE,FALSE
"SHC",2024-06-18,FALSE,TRUE,TRUE,TRUE,FALSE
"SHCRW",2024-06-18,TRUE,TRUE,FALSE,TRUE,FALSE
"SISI",2024-06-18,FALSE,TRUE,TRUE,TRUE,FALSE
"SKIL",2024-06-18,TRUE,TRUE,FALSE,TRUE,FALSE
"SKLZ",2024-06-18,FALSE,TRUE,TRUE,TRUE,FALSE
"SKX",2024-06-18,FALSE,TRUE,TRUE,TRUE,FALSE
"SLNO",2024-06-18,FALSE,TRUE,TRUE,TRUE,FALSE
"SMMT",2024-06-18,FALSE,TRUE,TRUE,TRUE,FALSE
"SNAP",2024-06-18,FALSE,TRUE,TRUE,TRUE,FALSE
"SNCRL",2024-06-18,FALSE,TRUE,TRUE,TRUE,FALSE
"SNN",2024-06-18,FALSE,TRUE,TRUE,TRUE,FALSE
"SOHU",2024-06-18,FALSE,TRUE,TRUE,TRUE,FALSE
"SOJD",2024-06-18,TRUE,TRUE,TRUE,FALSE,FALSE
"SONY",2024-06-18,FALSE,TRUE,TRUE,TRUE,FALSE
"SPE",2024-06-18,TRUE,TRUE,FALSE,TRUE,FALSE
"SPGI",2024-06-18,TRUE,TRUE,FALSE,TRUE,FALSE
"SPRC",2024-06-18,TRUE,FALSE,TRUE,FALSE,TRUE
"SRG",2024-06-18,TRUE,FALSE,TRUE,FALSE,TRUE
"SRL",2024-06-18,FALSE,TRUE,TRUE,TRUE,FALSE
"STCN",2024-06-18,TRUE,TRUE,TRUE,FALSE,FALSE
"STEW",2024-06-18,FALSE,TRUE,TRUE,TRUE,FALSE
"STM",2024-06-18,FALSE,TRUE,TRUE,TRUE,FALSE
"SWI",2024-06-18,TRUE,TRUE,FALSE,TRUE,FALSE
"SWKS",2024-06-18,TRUE,TRUE,TRUE,FALSE,FALSE
"TBLT",2024-06-18,TRUE,TRUE,FALSE,TRUE,FALSE
"TBRG",2024-06-18,TRUE,TRUE,FALSE,TRUE,FALSE
"TCOA",2024-06-18,FALSE,TRUE,TRUE,TRUE,FALSE
"TECTP",2024-06-18,FALSE,TRUE,TRUE,TRUE,FALSE
"TELL",2024-06-18,FALSE,TRUE,TRUE,TRUE,FALSE
"TGI",2024-06-18,FALSE,TRUE,TRUE,TRUE,FALSE
"THQ",2024-06-18,FALSE,TRUE,TRUE,TRUE,FALSE
"THRM",2024-06-18,FALSE,TRUE,TRUE,TRUE,FALSE
"TIGR",2024-06-18,FALSE,TRUE,TRUE,TRUE,FALSE
"TMUS",2024-06-18,FALSE,TRUE,TRUE,TRUE,FALSE
"TNGX",2024-06-18,TRUE,TRUE,TRUE,FALSE,FALSE
"TOI",2024-06-18,TRUE,FALSE,TRUE,FALSE,TRUE
"TOON",2024-06-18,TRUE,FALSE,TRUE,FALSE,TRUE
"TRIN",2024-06-18,FALSE,TRUE,TRUE,TRUE,FALSE
"TSBK",2024-06-18,TRUE,TRUE,TRUE,FALSE,FALSE
"TSCO",2024-06-18,TRUE,TRUE,FALSE,TRUE,FALSE
"TSEM",2024-06-18,TRUE,TRUE,FALSE,TRUE,FALSE
"TSHA",2024-06-18,FALSE,TRUE,TRUE,TRUE,FALSE
"TSLA",2024-06-18,TRUE,TRUE,FALSE,TRUE,FALSE
"TT",2024-06-18,TRUE,TRUE,FALSE,TRUE,FALSE
"TTD",2024-06-18,TRUE,TRUE,FALSE,TRUE,FALSE
"TTSH",2024-06-18,TRUE,TRUE,TRUE,FALSE,FALSE
"TVE",2024-06-18,FALSE,TRUE,TRUE,TRUE,FALSE
"TWI",2024-06-18,TRUE,FALSE,TRUE,FALSE,TRUE
"TWST",2024-06-18,FALSE,TRUE,TRUE,TRUE,FALSE
"TYGO",2024-06-18,FALSE,TRUE,TRUE,TRUE,FALSE
"TYRA",2024-06-18,FALSE,TRUE,TRUE,TRUE,FALSE
"UHS",2024-06-18,FALSE,TRUE,TRUE,TRUE,FALSE
"UHT",2024-06-18,FALSE,TRUE,TRUE,TRUE,FALSE
"UMC",2024-06-18,TRUE,TRUE,FALSE,TRUE,FALSE
"UONE",2024-06-18,FALSE,TRUE,TRUE,TRUE,FALSE
"UPBD",2024-06-18,FALSE,TRUE,TRUE,TRUE,FALSE
"USIO",2024-06-18,TRUE,TRUE,FALSE,TRUE,FALSE
"VALU",2024-06-18,TRUE,TRUE,FALSE,TRUE,FALSE
"VCNX",2024-06-18,FALSE,TRUE,TRUE,TRUE,FALSE
"VCYT",2024-06-18,FALSE,TRUE,TRUE,TRUE,FALSE
"VEON",2024-06-18,FALSE,TRUE,TRUE,TRUE,FALSE
"VIRT",2024-06-18,FALSE,TRUE,TRUE,TRUE,FALSE
"VIVK",2024-06-18,FALSE,TRUE,TRUE,TRUE,FALSE
"VNET",2024-06-18,FALSE,TRUE,TRUE,TRUE,FALSE
"VOXR",2024-06-18,TRUE,TRUE,FALSE,TRUE,FALSE
"VRPX",2024-06-18,TRUE,FALSE,TRUE,FALSE,TRUE
"VRSN",2024-06-18,TRUE,TRUE,TRUE,FALSE,FALSE
"VSAC",2024-06-18,FALSE,TRUE,TRUE,TRUE,FALSE
"VSEC",2024-06-18,FALSE,TRUE,TRUE,TRUE,FALSE
"VSTO",2024-06-18,FALSE,TRUE,TRUE,TRUE,FALSE
"VTR",2024-06-18,FALSE,TRUE,TRUE,TRUE,FALSE
"VYGR",2024-06-18,FALSE,TRUE,TRUE,TRUE,FALSE
"VZIO",2024-06-18,FALSE,TRUE,TRUE,TRUE,FALSE
"WD",2024-06-18,TRUE,TRUE,TRUE,FALSE,FALSE
"WEL",2024-06-18,FALSE,TRUE,TRUE,TRUE,FALSE
"WGS",2024-06-18,FALSE,TRUE,TRUE,TRUE,FALSE
"WHD",2024-06-18,TRUE,TRUE,TRUE,FALSE,FALSE
"WHLRD",2024-06-18,TRUE,TRUE,FALSE,TRUE,FALSE
"WIRE",2024-06-18,FALSE,TRUE,TRUE,TRUE,FALSE
"WKSP",2024-06-18,TRUE,TRUE,TRUE,FALSE,FALSE
"WLY",2024-06-18,TRUE,TRUE,TRUE,FALSE,FALSE
"WMS",2024-06-18,TRUE,TRUE,FALSE,TRUE,FALSE
"WNS",2024-06-18,TRUE,TRUE,FALSE,TRUE,FALSE
"WPRT",2024-06-18,FALSE,TRUE,TRUE,TRUE,FALSE
"WSM",2024-06-18,TRUE,TRUE,TRUE,FALSE,FALSE
"WSO",2024-06-18,TRUE,TRUE,FALSE,TRUE,FALSE
"WTRG",2024-06-18,FALSE,TRUE,TRUE,TRUE,FALSE
"XBIOW",2024-06-18,FALSE,TRUE,TRUE,TRUE,FALSE
"XFIN",2024-06-18,TRUE,TRUE,TRUE,FALSE,FALSE
"XFLT",2024-06-18,FALSE,TRUE,TRUE,TRUE,FALSE
"YOTA",2024-06-18,FALSE,TRUE,TRUE,TRUE,FALSE
"Z",2024-06-18,TRUE,TRUE,TRUE,FALSE,FALSE
"ZDGE",2024-06-18,FALSE,TRUE,TRUE,TRUE,FALSE
"ZG",2024-06-18,TRUE,TRUE,TRUE,FALSE,FALSE
"ZLAB",2024-06-18,FALSE,TRUE,TRUE,TRUE,FALSE
"ZLS",2024-06-18,TRUE,TRUE,FALSE,TRUE,FALSE
"ZS",2024-06-18,TRUE,TRUE,TRUE,FALSE,FALSE
"AA",2024-06-18,FALSE,TRUE,FALSE,TRUE,FALSE
"AACIU",2024-06-18,FALSE,TRUE,FALSE,TRUE,FALSE
"AACT",2024-06-18,FALSE,TRUE,FALSE,TRUE,FALSE
"AAMC",2024-06-18,FALSE,FALSE,TRUE,FALSE,TRUE
"AAME",2024-06-18,TRUE,FALSE,TRUE,FALSE,FALSE
"AAON",2024-06-18,TRUE,FALSE,TRUE,FALSE,FALSE
"AAP",2024-06-18,TRUE,FALSE,TRUE,FALSE,FALSE
"ABCB",2024-06-18,FALSE,TRUE,TRUE,FALSE,FALSE
"ABEO",2024-06-18,TRUE,FALSE,TRUE,FALSE,FALSE
"ABG",2024-06-18,FALSE,TRUE,FALSE,TRUE,FALSE
"ABNB",2024-06-18,TRUE,FALSE,TRUE,FALSE,FALSE
"ABT",2024-06-18,TRUE,FALSE,TRUE,FALSE,FALSE
"ABUS",2024-06-18,FALSE,TRUE,FALSE,TRUE,FALSE
"ABVC",2024-06-18,TRUE,FALSE,TRUE,FALSE,FALSE
"AC",2024-06-18,FALSE,TRUE,FALSE,TRUE,FALSE
"ACA",2024-06-18,FALSE,TRUE,FALSE,TRUE,FALSE
"ACAB",2024-06-18,FALSE,TRUE,FALSE,TRUE,FALSE
"ACAD",2024-06-18,TRUE,FALSE,TRUE,FALSE,FALSE
"ACDC",2024-06-18,FALSE,TRUE,FALSE,TRUE,FALSE
"ACEL",2024-06-18,TRUE,FALSE,TRUE,FALSE,FALSE
"ACGL",2024-06-18,FALSE,TRUE,FALSE,TRUE,FALSE
"ACHL",2024-06-18,FALSE,TRUE,FALSE,TRUE,FALSE
"ACHR",2024-06-18,TRUE,FALSE,TRUE,FALSE,FALSE
"ACHV",2024-06-18,FALSE,TRUE,FALSE,TRUE,FALSE
"ACIU",2024-06-18,FALSE,TRUE,FALSE,TRUE,FALSE
"ACM",2024-06-18,TRUE,FALSE,TRUE,FALSE,FALSE
"ACMR",2024-06-18,TRUE,FALSE,TRUE,FALSE,FALSE
"ACN",2024-06-18,TRUE,FALSE,TRUE,FALSE,FALSE
"ACNB",2024-06-18,TRUE,FALSE,TRUE,FALSE,FALSE
"ACON",2024-06-18,TRUE,FALSE,FALSE,TRUE,FALSE
"ACR",2024-06-18,TRUE,FALSE,TRUE,FALSE,FALSE
"ACRS",2024-06-18,TRUE,FALSE,TRUE,FALSE,FALSE
"ACTG",2024-06-18,FALSE,TRUE,FALSE,TRUE,FALSE
"ACV",2024-06-18,TRUE,FALSE,TRUE,FALSE,FALSE
"ACVA",2024-06-18,FALSE,TRUE,FALSE,TRUE,FALSE
"ACXP",2024-06-18,FALSE,TRUE,FALSE,TRUE,FALSE
"ADAG",2024-06-18,FALSE,TRUE,FALSE,TRUE,FALSE
"ADEA",2024-06-18,FALSE,TRUE,FALSE,TRUE,FALSE
"ADI",2024-06-18,FALSE,TRUE,FALSE,TRUE,FALSE
"ADIL",2024-06-18,TRUE,FALSE,TRUE,FALSE,FALSE
"ADMA",2024-06-18,FALSE,TRUE,FALSE,TRUE,FALSE
"ADN",2024-06-18,TRUE,FALSE,TRUE,FALSE,FALSE
"ADP",2024-06-18,FALSE,TRUE,FALSE,TRUE,FALSE
"ADPT",2024-06-18,FALSE,TRUE,FALSE,TRUE,FALSE
"ADRT",2024-06-18,FALSE,TRUE,FALSE,TRUE,FALSE
"ADSE",2024-06-18,FALSE,TRUE,FALSE,TRUE,FALSE
"ADT",2024-06-18,FALSE,TRUE,FALSE,TRUE,FALSE
"ADTH",2024-06-18,TRUE,FALSE,TRUE,FALSE,FALSE
"ADTN",2024-06-18,FALSE,TRUE,FALSE,TRUE,FALSE
"ADXN",2024-06-18,TRUE,FALSE,TRUE,FALSE,FALSE
"AEAE",2024-06-18,FALSE,TRUE,FALSE,TRUE,FALSE
"AEF",2024-06-18,FALSE,TRUE,FALSE,TRUE,FALSE
"AEG",2024-06-18,FALSE,TRUE,FALSE,TRUE,FALSE
"AEIS",2024-06-18,FALSE,TRUE,FALSE,TRUE,FALSE
"AEM",2024-06-18,FALSE,TRUE,FALSE,TRUE,FALSE
"AEMD",2024-06-18,TRUE,FALSE,TRUE,FALSE,FALSE
"AEP",2024-06-18,FALSE,TRUE,FALSE,TRUE,FALSE
"AER",2024-06-18,FALSE,TRUE,FALSE,TRUE,FALSE
"AERT",2024-06-18,TRUE,FALSE,TRUE,FALSE,FALSE
"AES",2024-06-18,FALSE,TRUE,FALSE,TRUE,FALSE
"AEYE",2024-06-18,FALSE,TRUE,FALSE,TRUE,FALSE
"AFAR",2024-06-18,FALSE,TRUE,FALSE,TRUE,FALSE
"AFGD",2024-06-18,TRUE,FALSE,TRUE,FALSE,FALSE
"AFGE",2024-06-18,TRUE,FALSE,TRUE,FALSE,FALSE
"AFL",2024-06-18,FALSE,TRUE,FALSE,TRUE,FALSE
"AFRI",2024-06-18,FALSE,TRUE,FALSE,TRUE,FALSE
"AFRM",2024-06-18,TRUE,FALSE,TRUE,FALSE,FALSE
"AFT",2024-06-18,FALSE,TRUE,FALSE,TRUE,FALSE
"AGAE",2024-06-18,TRUE,FALSE,TRUE,FALSE,FALSE
"AGCO",2024-06-18,TRUE,FALSE,TRUE,FALSE,FALSE
"AGD",2024-06-18,FALSE,TRUE,FALSE,TRUE,FALSE
"AGEN",2024-06-18,FALSE,TRUE,FALSE,TRUE,FALSE
"AGI",2024-06-18,FALSE,TRUE,FALSE,TRUE,FALSE
"AGM",2024-06-18,TRUE,FALSE,TRUE,FALSE,FALSE
"AGNCL",2024-06-18,FALSE,TRUE,FALSE,TRUE,FALSE
"AGNCM",2024-06-18,FALSE,TRUE,FALSE,TRUE,FALSE
"AGNCO",2024-06-18,FALSE,TRUE,FALSE,TRUE,FALSE
"AGNCP",2024-06-18,FALSE,TRUE,FALSE,TRUE,FALSE
"AGO",2024-06-18,TRUE,FALSE,TRUE,FALSE,FALSE
"AGRO",2024-06-18,FALSE,FALSE,TRUE,FALSE,TRUE
"AGS",2024-06-18,FALSE,TRUE,FALSE,TRUE,FALSE
"AGYS",2024-06-18,FALSE,TRUE,FALSE,TRUE,FALSE
"AHH",2024-06-18,FALSE,TRUE,FALSE,TRUE,FALSE
"AILE",2024-06-18,TRUE,FALSE,TRUE,FALSE,FALSE
"AIM",2024-06-18,TRUE,FALSE,TRUE,FALSE,FALSE
"AINC",2024-06-18,FALSE,TRUE,FALSE,TRUE,FALSE
"AIP",2024-06-18,FALSE,TRUE,FALSE,TRUE,FALSE
"AIR",2024-06-18,FALSE,TRUE,FALSE,TRUE,FALSE
"AIRC",2024-06-18,FALSE,TRUE,FALSE,TRUE,FALSE
"AIRS",2024-06-18,TRUE,FALSE,TRUE,FALSE,FALSE
"AIRTP",2024-06-18,TRUE,FALSE,TRUE,FALSE,FALSE
"AISP",2024-06-18,TRUE,FALSE,TRUE,FALSE,FALSE
"AIV",2024-06-18,TRUE,FALSE,TRUE,FALSE,FALSE
"AIXI",2024-06-18,TRUE,FALSE,TRUE,FALSE,FALSE
"AJX",2024-06-18,TRUE,FALSE,TRUE,FALSE,FALSE
"AKAM",2024-06-18,TRUE,FALSE,TRUE,FALSE,FALSE
"AKBA",2024-06-18,TRUE,FALSE,TRUE,FALSE,FALSE
"AKLI",2024-06-18,FALSE,TRUE,FALSE,TRUE,FALSE
